-- phpMyAdmin SQL Dump
-- version 3.4.5
-- http://www.phpmyadmin.net
--
-- Servidor: localhost
-- Tiempo de generación: 27-06-2012 a las 17:01:44
-- Versión del servidor: 5.5.16
-- Versión de PHP: 5.3.8

SET SQL_MODE="NO_AUTO_VALUE_ON_ZERO";
SET time_zone = "+00:00";


/*!40101 SET @OLD_CHARACTER_SET_CLIENT=@@CHARACTER_SET_CLIENT */;
/*!40101 SET @OLD_CHARACTER_SET_RESULTS=@@CHARACTER_SET_RESULTS */;
/*!40101 SET @OLD_COLLATION_CONNECTION=@@COLLATION_CONNECTION */;
/*!40101 SET NAMES utf8 */;

--
-- Base de datos: `natacio`
--

-- --------------------------------------------------------

--
-- Estructura de tabla para la tabla `agenda`
--

CREATE TABLE IF NOT EXISTS `agenda` (
  `id` int(11) NOT NULL AUTO_INCREMENT,
  `club` int(11) NOT NULL,
  `fecha` date NOT NULL,
  `nota` varchar(100) NOT NULL,
  PRIMARY KEY (`id`),
  KEY `club` (`club`)
) ENGINE=MyISAM  DEFAULT CHARSET=latin1 AUTO_INCREMENT=3 ;

--
-- Volcado de datos para la tabla `agenda`
--

INSERT INTO `agenda` (`id`, `club`, `fecha`, `nota`) VALUES
(2, 0, '2012-06-07', 'Autonomic Jun/Abs');

-- --------------------------------------------------------

--
-- Estructura de tabla para la tabla `calendari`
--

CREATE TABLE IF NOT EXISTS `calendari` (
  `id` int(11) NOT NULL AUTO_INCREMENT,
  `data` date NOT NULL,
  `nom` varchar(100) COLLATE utf8_spanish_ci NOT NULL,
  `sede` varchar(50) COLLATE utf8_spanish_ci NOT NULL,
  `categoria` varchar(20) COLLATE utf8_spanish_ci NOT NULL,
  `nivell` varchar(20) COLLATE utf8_spanish_ci NOT NULL,
  `comunitat` varchar(30) COLLATE utf8_spanish_ci NOT NULL,
  `provincia` varchar(20) COLLATE utf8_spanish_ci NOT NULL,
  PRIMARY KEY (`id`)
) ENGINE=InnoDB DEFAULT CHARSET=utf8 COLLATE=utf8_spanish_ci AUTO_INCREMENT=1 ;

-- --------------------------------------------------------

--
-- Estructura de tabla para la tabla `club`
--

CREATE TABLE IF NOT EXISTS `club` (
  `id` int(11) NOT NULL,
  `nom` varchar(100) NOT NULL,
  `user` varchar(50) NOT NULL,
  `pass` varchar(32) NOT NULL,
  `comunitat` varchar(30) NOT NULL,
  PRIMARY KEY (`id`)
) ENGINE=InnoDB DEFAULT CHARSET=utf8;

--
-- Volcado de datos para la tabla `club`
--

INSERT INTO `club` (`id`, `nom`, `user`, `pass`, `comunitat`) VALUES
(0, 'North Baltimore Aquatic Club', 'NBAC', '63fa4267d9fe8e2bfbc192f3e5501189', ''),
(1, 'Natacio i Esports Gandia', 'Gandia', '8bd333425598d38ea855c57f7451c034', 'Valenciana');

-- --------------------------------------------------------

--
-- Estructura de tabla para la tabla `nadadors`
--

CREATE TABLE IF NOT EXISTS `nadadors` (
  `numfitxfed` varchar(20) NOT NULL,
  `nom` varchar(15) NOT NULL,
  `cognoms` varchar(30) NOT NULL,
  `fetxnaix` date NOT NULL,
  `club` int(11) NOT NULL,
  `carrer` varchar(100) DEFAULT NULL,
  `poblacio` varchar(40) DEFAULT NULL,
  `provincia` varchar(30) DEFAULT NULL,
  `pais` varchar(50) DEFAULT 'España',
  `cp` int(5) DEFAULT NULL,
  `telefon` int(9) DEFAULT NULL,
  `correu` varchar(100) DEFAULT NULL,
  PRIMARY KEY (`numfitxfed`),
  KEY `club` (`club`)
) ENGINE=InnoDB DEFAULT CHARSET=utf8;

--
-- Volcado de datos para la tabla `nadadors`
--

INSERT INTO `nadadors` (`numfitxfed`, `nom`, `cognoms`, `fetxnaix`, `club`, `carrer`, `poblacio`, `provincia`, `pais`, `cp`, `telefon`, `correu`) VALUES
('00000000', 'Proba', 'aço es', '2000-01-01', 1, 'null', 'null', 'null', 'España', NULL, NULL, 'null'),
('020041183', 'Francesc', 'Rosello Peiro', '1988-10-13', 1, 'Clot de cano 13', 'La font d''encarros', 'Valencia', 'España', 0, 2147483647, 'fran6ket@hotmail.com'),
('020044932', 'Raul', 'Garcia Alcaraz', '1988-09-26', 1, 'Ferrocarril d''alcoi 147', 'Gandia', 'Valencia', 'España', 46701, 659240327, 'raugaral@gmail.com'),
('020058793', 'Gema', 'Domenech Navarro', '1994-11-15', 1, NULL, 'Gandia', 'Valencia', 'España', 46701, NULL, NULL),
('020059064', 'Joan', 'Muñoz Giner', '1995-11-10', 1, 'null', 'Bellreguard', 'Valencia', 'España', 0, 0, 'null'),
('020059065', 'Jordi', 'muñoz Giner', '1994-03-17', 1, 'null', 'null', 'null', 'España', NULL, NULL, 'null'),
('053633217', 'Laura', 'Vazquez Riethmuller', '1994-08-13', 1, 'null', 'Gandia', 'Valencia', 'España', NULL, NULL, 'null'),
('099160654', 'Vera', 'Perez Climent', '1996-07-06', 1, 'Ferrocarril d''alcoi 147', 'Gandia', 'Valencia', 'España', 47601, NULL, 'null'),
('099164020', 'Kevin', 'Zarzycki', '1996-09-26', 1, 'null', 'Gandia', 'Valencia', 'España', 46700, NULL, 'null'),
('99999999', 'Michael Fred', 'Phelps', '1985-06-30', 0, 'null', 'null', 'null', 'España', NULL, NULL, 'null');

-- --------------------------------------------------------

--
-- Estructura de tabla para la tabla `nadador_prova`
--

CREATE TABLE IF NOT EXISTS `nadador_prova` (
  `id` int(11) NOT NULL AUTO_INCREMENT,
  `nadador` varchar(20) NOT NULL,
  `proba` int(11) NOT NULL,
  `temps` varchar(8) NOT NULL,
  `fetxa` date NOT NULL,
  `lloc` varchar(30) NOT NULL,
  `metrespicina` int(11) NOT NULL DEFAULT '25',
  `brazades` int(11) DEFAULT NULL,
  PRIMARY KEY (`id`),
  KEY `nadador` (`nadador`),
  KEY `proba` (`proba`)
) ENGINE=InnoDB  DEFAULT CHARSET=utf8 AUTO_INCREMENT=2454 ;

--
-- Volcado de datos para la tabla `nadador_prova`
--

INSERT INTO `nadador_prova` (`id`, `nadador`, `proba`, `temps`, `fetxa`, `lloc`, `metrespicina`, `brazades`) VALUES
(18, '020044932', 4, '00:26:28', '2008-12-06', 'GANDIA', 25, NULL),
(19, '020044932', 4, '00:26:29', '2009-02-14', 'GANDIA', 25, NULL),
(20, '020044932', 4, '00:26:45', '2010-06-05', 'GANDIA', 25, NULL),
(21, '020044932', 4, '00:26:64', '2008-11-16', 'CASTELLON', 25, NULL),
(22, '020044932', 4, '00:26:83', '2010-12-11', 'GANDIA', 25, NULL),
(23, '020044932', 4, '00:26:96', '2009-02-15', 'GANDIA', 25, NULL),
(24, '020044932', 4, '00:27:00', '2008-11-09', 'GANDIA', 25, NULL),
(25, '020044932', 4, '00:27:12', '2008-04-12', 'GANDIA', 25, NULL),
(26, '020044932', 4, '00:27:21', '2008-11-16', 'CASTELLON', 25, NULL),
(27, '020044932', 4, '00:27:22', '2009-05-30', 'GANDIA', 25, NULL),
(28, '020044932', 4, '00:27:28', '2005-04-23', 'GANDIA', 25, NULL),
(29, '020044932', 4, '00:27:32', '2008-12-06', 'GANDIA', 25, NULL),
(30, '020044932', 4, '00:27:34', '2004-11-13', 'GANDIA', 25, NULL),
(31, '020044932', 4, '00:27:37', '2005-11-19', 'VALENCIA', 25, NULL),
(32, '020044932', 4, '00:27:53', '2007-03-03', 'VALENCIA', 25, NULL),
(33, '020044932', 4, '00:27:58', '2008-11-08', 'GANDIA', 25, NULL),
(34, '020044932', 4, '00:27:71', '2006-04-22', 'GANDIA', 25, NULL),
(35, '020044932', 4, '00:27:71', '2009-12-20', 'VALENCIA', 25, NULL),
(36, '020044932', 4, '00:27:74', '2006-02-04', 'VALENCIA', 25, NULL),
(37, '020044932', 4, '00:27:80', '2005-10-29', 'GANDIA', 25, NULL),
(38, '020044932', 4, '00:27:86', '2005-07-23', 'VALENCIA', 25, NULL),
(39, '020044932', 4, '00:27:86', '2010-12-19', 'CASTELLN', 25, NULL),
(40, '020044932', 4, '00:27:87', '2008-11-15', 'CASTELLON', 25, NULL),
(41, '020044932', 4, '00:27:91', '2011-04-02', 'OLIVA', 25, NULL),
(42, '020044932', 4, '00:27:93', '2006-12-02', 'VALENCIA', 25, NULL),
(43, '020044932', 4, '00:27:97', '2008-04-12', 'GANDIA', 25, NULL),
(44, '020044932', 4, '00:27:98', '2005-02-25', 'VALENCIA', 25, NULL),
(45, '020044932', 4, '00:28:01', '2007-12-22', 'GANDIA', 25, NULL),
(46, '020044932', 4, '00:28:09', '2009-04-18', 'GANDIA', 25, NULL),
(47, '020044932', 4, '00:28:22', '2004-11-21', 'CASTELLON', 25, NULL),
(48, '020044932', 4, '00:28:26', '2008-02-16', 'GANDIA-XIRIVELLA', 25, NULL),
(49, '020044932', 4, '00:28:28', '2006-10-28', 'GANDIA', 25, NULL),
(50, '020044932', 4, '00:28:29', '2009-02-14', 'GANDIA', 25, NULL),
(51, '020044932', 4, '00:28:42', '2006-07-23', 'VALENCIA', 25, NULL),
(52, '020044932', 4, '00:28:42', '2006-07-23', 'VALENCIA', 25, NULL),
(53, '020044932', 4, '00:28:47', '2005-07-23', 'VALENCIA', 25, NULL),
(54, '020044932', 4, '00:28:66', '2007-12-22', 'GANDIA', 25, NULL),
(55, '020044932', 4, '00:28:80', '2006-02-04', 'VALENCIA', 25, NULL),
(56, '020044932', 4, '00:28:88', '2005-12-03', 'VALENCIA', 25, NULL),
(57, '020044932', 4, '00:29:41', '2006-07-23', 'VALENCIA', 25, NULL),
(58, '020044932', 4, '00:29:41', '2006-07-23', 'VALENCIA', 25, NULL),
(59, '020044932', 4, '00:29:54', '2005-12-10', 'GANDIA', 25, NULL),
(60, '020044932', 4, '00:29:87', '2004-11-21', 'CASTELLON', 25, NULL),
(61, '020044932', 4, '00:30:14', '2003-12-21', 'VALENCIA', 25, NULL),
(62, '020044932', 4, '00:30:16', '2003-11-15', 'VALENCIA', 25, NULL),
(63, '020044932', 4, '00:30:35', '2004-02-15', 'VALENCIA', 25, NULL),
(64, '020044932', 4, '00:30:87', '2006-11-26', 'CASTELLON', 25, NULL),
(65, '020044932', 4, '00:32:28', '2003-11-16', 'VALENCIA', 25, NULL),
(66, '020044932', 8, '00:56:03', '2006-04-22', 'GANDIA', 25, NULL),
(67, '020044932', 8, '00:56:20', '2005-04-23', 'GANDIA', 25, NULL),
(68, '020044932', 8, '00:56:38', '2005-11-19', 'VALENCIA', 25, NULL),
(69, '020044932', 8, '00:56:40', '2009-05-30', 'GANDIA', 25, NULL),
(70, '020044932', 8, '00:56:54', '2008-11-16', 'CASTELLON', 25, NULL),
(71, '020044932', 8, '00:56:60', '2006-02-04', 'VALENCIA', 25, NULL),
(72, '020044932', 8, '00:56:92', '2005-10-29', 'GANDIA', 25, NULL),
(73, '020044932', 8, '00:57:13', '2008-12-06', 'GANDIA', 25, NULL),
(74, '020044932', 8, '00:57:13', '2009-02-15', 'GANDIA', 25, NULL),
(75, '020044932', 8, '00:57:20', '2008-11-08', 'GANDIA', 25, NULL),
(76, '020044932', 8, '00:57:29', '2005-07-23', 'VALENCIA', 25, NULL),
(77, '020044932', 8, '00:57:34', '2008-04-12', 'GANDIA', 25, NULL),
(78, '020044932', 8, '00:57:43', '2010-12-19', 'CASTELLN', 25, NULL),
(79, '020044932', 8, '00:57:49', '2004-11-13', 'GANDIA', 25, NULL),
(80, '020044932', 8, '00:57:64', '2005-02-25', 'VALENCIA', 25, NULL),
(81, '020044932', 8, '00:57:81', '2007-03-03', 'VALENCIA', 25, NULL),
(82, '020044932', 8, '00:57:82', '2005-07-23', 'VALENCIA', 25, NULL),
(83, '020044932', 8, '00:57:88', '2006-07-23', 'VALENCIA', 25, NULL),
(84, '020044932', 8, '00:57:88', '2006-07-23', 'VALENCIA', 25, NULL),
(85, '020044932', 8, '00:57:99', '2005-06-05', 'MURCIA', 25, NULL),
(86, '020044932', 8, '00:58:07', '2007-12-22', 'GANDIA', 25, NULL),
(87, '020044932', 8, '00:58:08', '2009-12-20', 'VALENCIA', 25, NULL),
(88, '020044932', 8, '00:58:71', '2004-11-21', 'CASTELLON', 25, NULL),
(89, '020044932', 8, '00:58:79', '2005-06-05', 'MURCIA', 25, NULL),
(90, '020044932', 8, '00:58:88', '2008-11-15', 'CASTELLON', 25, NULL),
(91, '020044932', 8, '00:58:97', '2006-12-02', 'VALENCIA', 25, NULL),
(92, '020044932', 8, '00:59:14', '2011-04-02', 'OLIVA', 25, NULL),
(93, '020044932', 8, '00:59:23', '2009-04-18', 'GANDIA', 25, NULL),
(94, '020044932', 8, '00:59:26', '2006-10-28', 'GANDIA', 25, NULL),
(95, '020044932', 8, '00:59:39', '2009-02-14', 'GANDIA', 25, NULL),
(96, '020044932', 8, '00:59:85', '2006-02-04', 'VALENCIA', 25, NULL),
(97, '020044932', 8, '01:00:15', '2005-12-03', 'VALENCIA', 25, NULL),
(98, '020044932', 8, '01:00:33', '2008-02-16', 'GANDIA-XIRIVELLA', 25, NULL),
(99, '020044932', 8, '01:00:77', '2004-02-15', 'VALENCIA', 25, NULL),
(100, '020044932', 8, '01:01:18', '2007-12-22', 'GANDIA', 25, NULL),
(101, '020044932', 8, '01:01:30', '2006-07-23', 'VALENCIA', 25, NULL),
(102, '020044932', 8, '01:01:30', '2006-07-23', 'VALENCIA', 25, NULL),
(103, '020044932', 8, '01:02:52', '2005-12-10', 'GANDIA', 25, NULL),
(104, '020044932', 8, '01:02:65', '2004-11-21', 'CASTELLON', 25, NULL),
(105, '020044932', 8, '01:03:95', '2003-11-15', 'VALENCIA', 25, NULL),
(106, '020044932', 8, '01:04:13', '2003-12-21', 'VALENCIA', 25, NULL),
(107, '020044932', 8, '01:05:95', '2006-11-26', 'CASTELLON', 25, NULL),
(108, '020044932', 8, '01:09:36', '2003-11-16', 'VALENCIA', 25, NULL),
(109, '020044932', 8, '01:10:43', '2003-06-28', 'VILLENA', 25, NULL),
(110, '020044932', 13, '02:03:40', '2005-12-03', 'VALENCIA', 25, NULL),
(111, '020044932', 13, '02:03:60', '2006-02-04', 'VALENCIA', 25, NULL),
(112, '020044932', 13, '02:04:81', '2008-11-15', 'CASTELLON', 25, NULL),
(113, '020044932', 13, '02:04:92', '2009-02-14', 'GANDIA', 25, NULL),
(114, '020044932', 13, '02:07:55', '2006-07-23', 'VALENCIA', 25, NULL),
(115, '020044932', 13, '02:07:55', '2006-07-23', 'VALENCIA', 25, NULL),
(116, '020044932', 13, '02:09:87', '2007-12-22', 'GANDIA', 25, NULL),
(117, '020044932', 13, '02:10:07', '2004-11-21', 'CASTELLON', 25, NULL),
(118, '020044932', 13, '02:10:88', '2003-11-15', 'VALENCIA', 25, NULL),
(119, '020044932', 13, '02:11:27', '2003-12-21', 'VALENCIA', 25, NULL),
(120, '020044932', 13, '02:11:56', '2005-12-10', 'GANDIA', 25, NULL),
(121, '020044932', 13, '02:18:16', '2006-11-26', 'CASTELLON', 25, NULL),
(122, '020044932', 13, '02:24:91', '2003-11-16', 'VALENCIA', 25, NULL),
(123, '020044932', 15, '04:28:55', '2005-12-10', 'GANDIA', 25, NULL),
(124, '020044932', 15, '04:44:04', '2006-11-26', 'CASTELLON', 25, NULL),
(125, '020044932', 15, '04:56:70', '2003-11-16', 'VALENCIA', 25, NULL),
(126, '020044932', 15, '05:01:00', '2003-06-28', 'VILLENA', 25, NULL),
(127, '020044932', 17, '09:36:68', '2006-11-26', 'CASTELLON', 25, NULL),
(128, '020044932', 17, '10:05:51', '2003-11-16', 'VALENCIA', 25, NULL),
(129, '020044932', 18, '18:07:64', '2006-11-26', 'CASTELLON', 25, NULL),
(130, '020044932', 18, '18:53:45', '2003-11-16', 'VALENCIA', 25, NULL),
(131, '020044932', 2, '00:29:17', '2006-05-27', 'GANDIA', 25, NULL),
(132, '020044932', 2, '00:29:17', '2006-05-27', 'GANDIA', 25, NULL),
(133, '020044932', 2, '00:29:32', '2007-03-03', 'VALENCIA', 25, NULL),
(134, '020044932', 2, '00:29:34', '2005-05-21', 'GANDIA', 25, NULL),
(135, '020044932', 2, '00:29:34', '2005-05-21', 'GANDIA', 25, NULL),
(136, '020044932', 2, '00:29:46', '2010-12-19', 'CASTELLN', 25, NULL),
(137, '020044932', 2, '00:29:47', '2005-05-21', 'GANDIA', 25, NULL),
(138, '020044932', 2, '00:29:54', '2005-02-25', 'VALENCIA', 25, NULL),
(139, '020044932', 2, '00:29:54', '2005-02-25', 'VALENCIA', 25, NULL),
(140, '020044932', 2, '00:29:62', '2004-03-13', 'VALENCIA', 25, NULL),
(141, '020044932', 2, '00:29:65', '2009-05-31', 'GANDIA', 25, NULL),
(142, '020044932', 2, '00:29:67', '2007-06-02', 'GANDIA', 25, NULL),
(143, '020044932', 2, '00:29:72', '2009-11-14', 'GANDIA', 25, NULL),
(144, '020044932', 2, '00:29:81', '2004-11-21', 'CASTELLON', 25, NULL),
(145, '020044932', 2, '00:29:82', '2009-10-31', 'GANDIA', 25, NULL),
(146, '020044932', 2, '00:29:82', '2005-02-25', 'VALENCIA', 25, NULL),
(147, '020044932', 2, '00:29:82', '2008-11-16', 'CASTELLON', 25, NULL),
(148, '020044932', 2, '00:29:99', '2005-11-19', 'VALENCIA', 25, NULL),
(149, '020044932', 2, '00:30:04', '2009-12-19', 'VALENCIA', 25, NULL),
(150, '020044932', 2, '00:30:05', '2009-12-20', 'VALENCIA', 25, NULL),
(151, '020044932', 2, '00:30:05', '2009-12-05', 'GANDIA', 25, NULL),
(152, '020044932', 2, '00:30:05', '2011-03-05', 'VALENCIA', 25, NULL),
(153, '020044932', 2, '00:30:06', '2008-11-16', 'CASTELLON', 25, NULL),
(154, '020044932', 2, '00:30:09', '2004-11-13', 'GANDIA', 25, NULL),
(155, '020044932', 2, '00:30:10', '2008-05-25', 'GANDIA', 25, NULL),
(156, '020044932', 2, '00:30:10', '2009-02-21', 'VALENCIA', 25, NULL),
(157, '020044932', 2, '00:30:10', '2004-02-28', 'PETRER', 25, NULL),
(158, '020044932', 2, '00:30:11', '2004-12-04', 'VALENCIA', 25, NULL),
(159, '020044932', 2, '00:30:19', '2006-05-27', 'GANDIA', 25, NULL),
(160, '020044932', 2, '00:30:19', '2006-05-27', 'GANDIA', 25, NULL),
(161, '020044932', 2, '00:30:25', '2010-06-05', 'GANDIA', 25, NULL),
(162, '020044932', 2, '00:30:27', '2006-04-22', 'GANDIA', 25, NULL),
(163, '020044932', 2, '00:30:29', '2008-05-10', 'GANDIA-MISLATA', 25, NULL),
(164, '020044932', 2, '00:30:33', '2010-05-08', 'GANDIA', 25, NULL),
(165, '020044932', 2, '00:30:33', '2005-02-25', 'VALENCIA', 25, NULL),
(166, '020044932', 2, '00:30:37', '2007-04-21', 'GANDIA', 25, NULL),
(167, '020044932', 2, '00:30:37', '2005-02-25', 'VALENCIA', 25, NULL),
(168, '020044932', 2, '00:30:37', '2005-02-25', 'VALENCIA', 25, NULL),
(169, '020044932', 2, '00:30:38', '2009-05-30', 'GANDIA', 25, NULL),
(170, '020044932', 2, '00:30:45', '2010-12-18', 'CASTELLN', 25, NULL),
(171, '020044932', 2, '00:30:47', '2007-11-25', 'VALENCIA', 25, NULL),
(172, '020044932', 2, '00:30:47', '2011-01-22', 'GANDIA', 25, NULL),
(173, '020044932', 2, '00:30:49', '2007-07-15', 'CASTELLON', 25, NULL),
(174, '020044932', 2, '00:30:49', '2005-11-19', 'VALENCIA', 25, NULL),
(175, '020044932', 2, '00:30:51', '2005-07-23', 'VALENCIA', 25, NULL),
(176, '020044932', 2, '00:30:52', '2006-05-27', 'GANDIA', 25, NULL),
(177, '020044932', 2, '00:30:52', '2006-05-27', 'GANDIA', 25, NULL),
(178, '020044932', 2, '00:30:53', '2003-12-21', 'VALENCIA', 25, NULL),
(179, '020044932', 2, '00:30:59', '2008-10-25', 'GANDIA', 25, NULL),
(180, '020044932', 2, '00:30:60', '2004-06-26', 'VILLENA', 25, NULL),
(181, '020044932', 2, '00:30:63', '2007-06-02', 'GANDIA', 25, NULL),
(182, '020044932', 2, '00:30:64', '2007-03-04', 'VALENCIA', 25, NULL),
(183, '020044932', 2, '00:30:69', '2004-07-31', 'MISLATA', 25, NULL),
(184, '020044932', 2, '00:30:72', '2005-10-29', 'GANDIA', 25, NULL),
(185, '020044932', 2, '00:30:72', '2008-02-16', 'GANDIA-XIRIVELLA', 25, NULL),
(186, '020044932', 2, '00:30:73', '2010-12-19', 'CASTELLN', 25, NULL),
(187, '020044932', 2, '00:30:73', '2009-12-05', 'GANDIA', 25, NULL),
(188, '020044932', 2, '00:30:74', '2005-05-21', 'GANDIA', 25, NULL),
(189, '020044932', 2, '00:30:78', '2008-01-19', 'VALENCIA', 25, NULL),
(190, '020044932', 2, '00:30:90', '2005-06-05', 'MURCIA', 25, NULL),
(191, '020044932', 2, '00:30:92', '2003-11-16', 'VALENCIA', 25, NULL),
(192, '020044932', 2, '00:30:92', '2003-11-16', 'VALENCIA', 25, NULL),
(193, '020044932', 2, '00:30:93', '2006-10-28', 'GANDIA', 25, NULL),
(194, '020044932', 2, '00:30:94', '2009-04-18', 'GANDIA', 25, NULL),
(195, '020044932', 2, '00:31:02', '2008-05-24', 'GANDIA', 25, NULL),
(196, '020044932', 2, '00:31:06', '2008-03-15', 'CASTELLON', 25, NULL),
(197, '020044932', 2, '00:31:08', '2005-02-06', 'VALENCIA', 25, NULL),
(198, '020044932', 2, '00:31:08', '2009-10-31', 'GANDIA', 25, NULL),
(199, '020044932', 2, '00:31:10', '2011-03-06', 'VALENCIA', 25, NULL),
(200, '020044932', 2, '00:31:12', '2010-12-11', 'GANDIA', 25, NULL),
(201, '020044932', 2, '00:31:17', '2010-12-18', 'CASTELLN', 25, NULL),
(202, '020044932', 2, '00:31:19', '2009-12-20', 'VALENCIA', 25, NULL),
(203, '020044932', 2, '00:31:23', '2006-02-04', 'VALENCIA', 25, NULL),
(204, '020044932', 2, '00:31:23', '2004-01-25', 'GANDIA', 25, NULL),
(205, '020044932', 2, '00:31:24', '2004-07-09', 'REUS', 25, NULL),
(206, '020044932', 2, '00:31:24', '2004-12-04', 'VALENCIA', 25, NULL),
(207, '020044932', 2, '00:31:26', '2004-01-31', 'GANDIA', 25, NULL),
(208, '020044932', 2, '00:31:34', '2006-11-25', 'CASTELLON', 25, NULL),
(209, '020044932', 2, '00:31:38', '2006-12-02', 'VALENCIA', 25, NULL),
(210, '020044932', 2, '00:31:45', '2007-12-01', 'GANDIA', 25, NULL),
(211, '020044932', 2, '00:31:49', '2008-11-15', 'CASTELLON', 25, NULL),
(212, '020044932', 2, '00:31:50', '2009-12-19', 'VALENCIA', 25, NULL),
(213, '020044932', 2, '00:31:51', '2010-10-30', 'GANDIA', 25, NULL),
(214, '020044932', 2, '00:31:54', '2007-07-15', 'CASTELLON', 25, NULL),
(215, '020044932', 2, '00:31:57', '2008-05-10', 'GANDIA-MISLATA', 25, NULL),
(216, '020044932', 2, '00:31:57', '2008-03-16', 'CASTELLON', 25, NULL),
(217, '020044932', 2, '00:31:58', '2004-11-20', 'CASTELLON', 25, NULL),
(218, '020044932', 2, '00:31:58', '2004-03-14', 'VALENCIA', 25, NULL),
(219, '020044932', 2, '00:31:59', '2007-11-24', 'VALENCIA', 25, NULL),
(220, '020044932', 2, '00:31:59', '2004-02-28', 'PETRER', 25, NULL),
(221, '020044932', 2, '00:31:62', '2007-01-28', 'ALZIRA', 25, NULL),
(222, '020044932', 2, '00:31:65', '2004-02-28', 'PETRER', 25, NULL),
(223, '020044932', 2, '00:31:65', '2005-02-25', 'VALENCIA', 25, NULL),
(224, '020044932', 2, '00:31:65', '2005-05-21', 'GANDIA', 25, NULL),
(225, '020044932', 2, '00:31:70', '2007-11-25', 'VALENCIA', 25, NULL),
(226, '020044932', 2, '00:31:73', '2004-11-21', 'CASTELLON', 25, NULL),
(227, '020044932', 2, '00:31:73', '2005-04-01', 'CADIZ', 25, NULL),
(228, '020044932', 2, '00:31:75', '2008-10-25', 'GANDIA', 25, NULL),
(229, '020044932', 2, '00:31:81', '2011-04-02', 'OLIVA', 25, NULL),
(230, '020044932', 2, '00:31:83', '2010-06-05', 'GANDIA', 25, NULL),
(231, '020044932', 2, '00:31:86', '2007-05-06', 'BURJASSOT', 25, NULL),
(232, '020044932', 2, '00:31:87', '2007-06-02', 'GANDIA', 25, NULL),
(233, '020044932', 2, '00:31:91', '2010-05-08', 'GANDIA', 25, NULL),
(234, '020044932', 2, '00:31:91', '2005-12-03', 'VALENCIA', 25, NULL),
(235, '020044932', 2, '00:31:95', '2008-05-24', 'GANDIA', 25, NULL),
(236, '020044932', 2, '00:32:07', '2005-01-23', 'VALENCIA', 25, NULL),
(237, '020044932', 2, '00:32:09', '2007-01-28', 'ALZIRA', 25, NULL),
(238, '020044932', 2, '00:32:12', '2006-02-04', 'VALENCIA', 25, NULL),
(239, '020044932', 2, '00:32:17', '2008-11-16', 'CASTELLON', 25, NULL),
(240, '020044932', 2, '00:32:24', '2004-02-28', 'PETRER', 25, NULL),
(241, '020044932', 2, '00:32:30', '2011-04-02', 'OLIVA', 25, NULL),
(242, '020044932', 2, '00:32:41', '2010-12-18', 'CASTELLN', 25, NULL),
(243, '020044932', 2, '00:32:44', '2007-11-10', 'ALMANSA', 25, NULL),
(244, '020044932', 2, '00:32:45', '2009-12-19', 'VALENCIA', 25, NULL),
(245, '020044932', 2, '00:32:51', '2004-03-13', 'VALENCIA', 25, NULL),
(246, '020044932', 2, '00:32:64', '2005-07-23', 'VALENCIA', 25, NULL),
(247, '020044932', 2, '00:32:66', '2005-07-23', 'VALENCIA', 25, NULL),
(248, '020044932', 2, '00:32:70', '2003-11-15', 'VALENCIA', 25, NULL),
(249, '020044932', 2, '00:32:73', '2004-02-15', 'VALENCIA', 25, NULL),
(250, '020044932', 2, '00:32:80', '2004-07-10', 'REUS', 25, NULL),
(251, '020044932', 2, '00:32:98', '2006-07-22', 'VALENCIA', 25, NULL),
(252, '020044932', 2, '00:32:98', '2006-07-22', 'VALENCIA', 25, NULL),
(253, '020044932', 2, '00:33:02', '2007-11-25', 'VALENCIA', 25, NULL),
(254, '020044932', 2, '00:33:14', '2003-03-02', 'VILA-REAL', 25, NULL),
(255, '020044932', 2, '00:33:31', '2003-07-13', 'VALENCIA', 25, NULL),
(256, '020044932', 2, '00:33:47', '2003-11-16', 'VALENCIA', 25, NULL),
(257, '020044932', 2, '00:33:50', '2003-11-16', 'VALENCIA', 25, NULL),
(258, '020044932', 2, '00:33:55', '2003-03-02', 'VILA-REAL', 25, NULL),
(259, '020044932', 2, '00:33:78', '2005-08-04', 'CALELLA', 25, NULL),
(260, '020044932', 2, '00:33:89', '2004-04-18', 'BURGOS', 25, NULL),
(261, '020044932', 2, '00:34:10', '2004-07-11', 'REUS', 25, NULL),
(262, '020044932', 2, '00:35:17', '2003-07-10', 'VALENCIA', 25, NULL),
(263, '020044932', 6, '01:01:85', '2005-02-25', 'VALENCIA', 25, NULL),
(264, '020044932', 6, '01:01:85', '2005-02-25', 'VALENCIA', 25, NULL),
(265, '020044932', 6, '01:02:02', '2006-04-22', 'GANDIA', 25, NULL),
(266, '020044932', 6, '01:02:05', '2009-05-30', 'GANDIA', 25, NULL),
(267, '020044932', 6, '01:02:44', '2007-03-04', 'VALENCIA', 25, NULL),
(268, '020044932', 6, '01:02:58', '2005-05-21', 'GANDIA', 25, NULL),
(269, '020044932', 6, '01:02:69', '2007-04-21', 'GANDIA', 25, NULL),
(270, '020044932', 6, '01:02:72', '2005-02-25', 'VALENCIA', 25, NULL),
(271, '020044932', 6, '01:02:83', '2007-06-02', 'GANDIA', 25, NULL),
(272, '020044932', 6, '01:02:87', '2005-11-19', 'VALENCIA', 25, NULL),
(273, '020044932', 6, '01:03:09', '2006-05-27', 'GANDIA', 25, NULL),
(274, '020044932', 6, '01:03:09', '2006-05-27', 'GANDIA', 25, NULL),
(275, '020044932', 6, '01:03:43', '2005-02-06', 'VALENCIA', 25, NULL),
(276, '020044932', 6, '01:03:50', '2011-01-22', 'GANDIA', 25, NULL),
(277, '020044932', 6, '01:03:59', '2004-05-22', 'GANDIA', 25, NULL),
(278, '020044932', 6, '01:03:91', '2004-01-25', 'GANDIA', 25, NULL),
(279, '020044932', 6, '01:03:91', '2004-02-28', 'PETRER', 25, NULL),
(280, '020044932', 6, '01:03:93', '2006-05-27', 'GANDIA', 25, NULL),
(281, '020044932', 6, '01:03:93', '2006-05-27', 'GANDIA', 25, NULL),
(282, '020044932', 6, '01:04:02', '2010-12-11', 'GANDIA', 25, NULL),
(283, '020044932', 6, '01:04:12', '2009-12-05', 'GANDIA', 25, NULL),
(284, '020044932', 6, '01:04:16', '2004-12-04', 'VALENCIA', 25, NULL),
(285, '020044932', 6, '01:04:16', '2008-05-24', 'GANDIA', 25, NULL),
(286, '020044932', 6, '01:04:25', '2006-02-04', 'VALENCIA', 25, NULL),
(287, '020044932', 6, '01:04:31', '2004-03-14', 'VALENCIA', 25, NULL),
(288, '020044932', 6, '01:04:37', '2010-12-19', 'CASTELLN', 25, NULL),
(289, '020044932', 6, '01:04:49', '2004-11-20', 'CASTELLON', 25, NULL),
(290, '020044932', 6, '01:04:50', '2009-10-31', 'GANDIA', 25, NULL),
(291, '020044932', 6, '01:04:51', '2009-12-20', 'VALENCIA', 25, NULL),
(292, '020044932', 6, '01:04:53', '2006-10-28', 'GANDIA', 25, NULL),
(293, '020044932', 6, '01:04:55', '2008-03-16', 'CASTELLON', 25, NULL),
(294, '020044932', 6, '01:04:65', '2004-11-21', 'CASTELLON', 25, NULL),
(295, '020044932', 6, '01:04:71', '2010-12-18', 'CASTELLN', 25, NULL),
(296, '020044932', 6, '01:04:72', '2005-04-01', 'CADIZ', 25, NULL),
(297, '020044932', 6, '01:04:72', '2006-11-25', 'CASTELLON', 25, NULL),
(298, '020044932', 6, '01:04:72', '2008-01-19', 'VALENCIA', 25, NULL),
(299, '020044932', 6, '01:04:84', '2011-03-06', 'VALENCIA', 25, NULL),
(300, '020044932', 6, '01:04:96', '2008-11-15', 'CASTELLON', 25, NULL),
(301, '020044932', 6, '01:05:17', '2006-12-02', 'VALENCIA', 25, NULL),
(302, '020044932', 6, '01:05:17', '2003-11-22', 'GANDIA', 25, NULL),
(303, '020044932', 6, '01:05:35', '2010-10-30', 'GANDIA', 25, NULL),
(304, '020044932', 6, '01:05:37', '2009-12-19', 'VALENCIA', 25, NULL),
(305, '020044932', 6, '01:05:38', '2008-03-15', 'CASTELLON', 25, NULL),
(306, '020044932', 6, '01:05:39', '2004-07-10', 'REUS', 25, NULL),
(307, '020044932', 6, '01:05:47', '2007-11-24', 'VALENCIA', 25, NULL),
(308, '020044932', 6, '01:05:48', '2007-12-01', 'GANDIA', 25, NULL),
(309, '020044932', 6, '01:05:49', '2007-11-25', 'VALENCIA', 25, NULL),
(310, '020044932', 6, '01:05:50', '2007-07-15', 'CASTELLON', 25, NULL),
(311, '020044932', 6, '01:05:53', '2007-01-28', 'ALZIRA', 25, NULL),
(312, '020044932', 6, '01:05:59', '2008-10-25', 'GANDIA', 25, NULL),
(313, '020044932', 6, '01:05:67', '2004-01-31', 'GANDIA', 25, NULL),
(314, '020044932', 6, '01:05:84', '2005-05-21', 'GANDIA', 25, NULL),
(315, '020044932', 6, '01:05:86', '2003-11-15', 'VALENCIA', 25, NULL),
(316, '020044932', 6, '01:05:92', '2004-02-28', 'PETRER', 25, NULL),
(317, '020044932', 6, '01:06:10', '2007-06-02', 'GANDIA', 25, NULL),
(318, '020044932', 6, '01:06:20', '2011-04-02', 'OLIVA', 25, NULL),
(319, '020044932', 6, '01:06:25', '2008-05-10', 'GANDIA-MISLATA', 25, NULL),
(320, '020044932', 6, '01:06:28', '2005-06-05', 'MURCIA', 25, NULL),
(321, '020044932', 6, '01:06:34', '2010-05-08', 'GANDIA', 25, NULL),
(322, '020044932', 6, '01:06:37', '2007-05-06', 'BURJASSOT', 25, NULL),
(323, '020044932', 6, '01:06:41', '2011-04-02', 'OLIVA', 25, NULL),
(324, '020044932', 6, '01:06:42', '2005-02-25', 'VALENCIA', 25, NULL),
(325, '020044932', 6, '01:06:46', '2006-02-04', 'VALENCIA', 25, NULL),
(326, '020044932', 6, '01:06:48', '2007-11-10', 'ALMANSA', 25, NULL),
(327, '020044932', 6, '01:06:61', '2010-06-05', 'GANDIA', 25, NULL),
(328, '020044932', 6, '01:06:79', '2005-01-23', 'VALENCIA', 25, NULL),
(329, '020044932', 6, '01:06:93', '2004-06-27', 'VILLENA', 25, NULL),
(330, '020044932', 6, '01:06:98', '2004-06-27', 'VILLENA', 25, NULL),
(331, '020044932', 6, '01:06:99', '2003-07-13', 'VALENCIA', 25, NULL),
(332, '020044932', 6, '01:07:02', '2005-07-23', 'VALENCIA', 25, NULL),
(333, '020044932', 6, '01:07:03', '2009-06-20', 'CATARROJA', 25, NULL),
(334, '020044932', 6, '01:07:19', '2005-12-03', 'VALENCIA', 25, NULL),
(335, '020044932', 6, '01:07:22', '2005-06-04', 'MURCIA', 25, NULL),
(336, '020044932', 6, '01:07:26', '2009-12-19', 'VALENCIA', 25, NULL),
(337, '020044932', 6, '01:07:27', '2004-02-15', 'VALENCIA', 25, NULL),
(338, '020044932', 6, '01:07:36', '2008-11-16', 'CASTELLON', 25, NULL),
(339, '020044932', 6, '01:07:39', '2007-01-28', 'ALZIRA', 25, NULL),
(340, '020044932', 6, '01:07:42', '2004-06-05', 'MURCIA', 25, NULL),
(341, '020044932', 6, '01:07:58', '2008-05-24', 'GANDIA', 25, NULL),
(342, '020044932', 6, '01:07:59', '2004-03-13', 'VALENCIA', 25, NULL),
(343, '020044932', 6, '01:07:65', '2004-02-28', 'PETRER', 25, NULL),
(344, '020044932', 6, '01:07:95', '2010-12-18', 'CASTELLN', 25, NULL),
(345, '020044932', 6, '01:07:98', '2003-06-29', 'VILLENA', 25, NULL),
(346, '020044932', 6, '01:08:09', '2007-07-14', 'CASTELLON', 25, NULL),
(347, '020044932', 6, '01:08:27', '2006-07-22', 'VALENCIA', 25, NULL),
(348, '020044932', 6, '01:08:27', '2006-07-22', 'VALENCIA', 25, NULL),
(349, '020044932', 6, '01:08:36', '2003-03-02', 'VILA-REAL', 25, NULL),
(350, '020044932', 6, '01:08:87', '2003-11-16', 'VALENCIA', 25, NULL),
(351, '020044932', 6, '01:08:91', '2007-11-25', 'VALENCIA', 25, NULL),
(352, '020044932', 6, '01:09:15', '2005-07-23', 'VALENCIA', 25, NULL),
(353, '020044932', 6, '01:09:38', '2005-08-04', 'CALELLA', 25, NULL),
(354, '020044932', 6, '01:09:44', '2003-11-16', 'VALENCIA', 25, NULL),
(355, '020044932', 6, '01:09:76', '2003-03-02', 'VILA-REAL', 25, NULL),
(356, '020044932', 6, '01:10:16', '2004-04-18', 'BURGOS', 25, NULL),
(357, '020044932', 6, '01:11:05', '2004-07-11', 'REUS', 25, NULL),
(358, '020044932', 6, '01:11:06', '2003-06-29', 'VILLENA', 25, NULL),
(359, '020044932', 6, '01:11:37', '2004-06-05', 'MURCIA', 25, NULL),
(360, '020044932', 6, '01:11:41', '2004-06-27', 'VILLENA', 25, NULL),
(361, '020044932', 6, '01:12:64', '2003-07-10', 'VALENCIA', 25, NULL),
(362, '020044932', 6, '01:12:91', '2003-06-28', 'VILLENA', 25, NULL),
(363, '020044932', 11, '02:13:15', '2005-05-21', 'GANDIA', 25, NULL),
(364, '020044932', 11, '02:15:02', '2006-05-27', 'GANDIA', 25, NULL),
(365, '020044932', 11, '02:15:02', '2006-05-27', 'GANDIA', 25, NULL),
(366, '020044932', 11, '02:15:35', '2005-01-23', 'VALENCIA', 25, NULL),
(367, '020044932', 11, '02:15:40', '2005-02-25', 'VALENCIA', 25, NULL),
(368, '020044932', 11, '02:15:62', '2007-06-02', 'GANDIA', 25, NULL),
(369, '020044932', 11, '02:16:73', '2006-02-04', 'VALENCIA', 25, NULL),
(370, '020044932', 11, '02:16:78', '2005-12-03', 'VALENCIA', 25, NULL),
(371, '020044932', 11, '02:16:94', '2007-05-06', 'BURJASSOT', 25, NULL),
(372, '020044932', 11, '02:17:70', '2008-03-15', 'CASTELLON', 25, NULL),
(373, '020044932', 11, '02:17:74', '2004-01-31', 'GANDIA', 25, NULL),
(374, '020044932', 11, '02:18:13', '2004-05-22', 'GANDIA', 25, NULL),
(375, '020044932', 11, '02:19:26', '2004-03-13', 'VALENCIA', 25, NULL),
(376, '020044932', 11, '02:19:33', '2003-11-22', 'GANDIA', 25, NULL),
(377, '020044932', 11, '02:19:82', '2004-02-28', 'PETRER', 25, NULL),
(378, '020044932', 11, '02:19:97', '2003-11-16', 'VALENCIA', 25, NULL),
(379, '020044932', 11, '02:20:19', '2008-05-24', 'GANDIA', 25, NULL),
(380, '020044932', 11, '02:20:19', '2008-05-10', 'GANDIA-MISLATA', 25, NULL),
(381, '020044932', 11, '02:20:62', '2008-11-16', 'CASTELLON', 25, NULL),
(382, '020044932', 11, '02:20:93', '2009-12-19', 'VALENCIA', 25, NULL),
(383, '020044932', 11, '02:20:98', '2007-07-14', 'CASTELLON', 25, NULL),
(384, '020044932', 11, '02:21:18', '2004-04-18', 'BURGOS', 25, NULL),
(385, '020044932', 11, '02:21:32', '2007-11-25', 'VALENCIA', 25, NULL),
(386, '020044932', 11, '02:22:33', '2005-07-23', 'VALENCIA', 25, NULL),
(387, '020044932', 11, '02:22:67', '2007-01-28', 'ALZIRA', 25, NULL),
(388, '020044932', 11, '02:22:76', '2005-08-04', 'CALELLA', 25, NULL),
(389, '020044932', 11, '02:23:35', '2004-06-27', 'VILLENA', 25, NULL),
(390, '020044932', 11, '02:24:38', '2010-12-18', 'CASTELLN', 25, NULL),
(391, '020044932', 11, '02:24:71', '2004-06-05', 'MURCIA', 25, NULL),
(392, '020044932', 11, '02:25:68', '2004-07-11', 'REUS', 25, NULL),
(393, '020044932', 11, '02:26:23', '2003-07-10', 'VALENCIA', 25, NULL),
(394, '020044932', 11, '02:27:38', '2003-06-28', 'VILLENA', 25, NULL),
(395, '020044932', 1, '00:28:86', '2007-01-28', 'ALZIRA', 25, NULL),
(396, '020044932', 1, '00:29:16', '2010-06-05', 'GANDIA', 25, NULL),
(397, '020044932', 1, '00:31:05', '2005-05-15', 'VALENCIA', 25, NULL),
(398, '020044932', 1, '00:31:98', '2011-01-22', 'GANDIA', 25, NULL),
(399, '020044932', 5, '01:06:39', '2004-05-23', 'GANDIA', 25, NULL),
(564, '020041183', 4, '00:24:23', '2009-10-24', 'GANDIA', 25, NULL),
(565, '020041183', 4, '00:24:69', '2008-12-06', 'GANDIA', 25, NULL),
(566, '020041183', 4, '00:24:80', '2007-06-02', 'GANDIA', 25, NULL),
(567, '020041183', 4, '00:25:01', '2008-05-24', 'GANDIA', 25, NULL),
(568, '020041183', 4, '00:25:02', '2009-02-14', 'GANDIA', 25, NULL),
(569, '020041183', 4, '00:25:03', '2008-03-15', 'CASTELLON', 25, NULL),
(570, '020041183', 4, '00:25:04', '2009-05-30', 'GANDIA', 25, NULL),
(571, '020041183', 4, '00:25:09', '2007-07-21', 'ALZIRA', 25, NULL),
(572, '020041183', 4, '00:25:19', '2007-11-24', 'VALENCIA', 25, NULL),
(573, '020041183', 4, '00:25:20', '2008-11-09', 'GANDIA', 25, NULL),
(574, '020041183', 4, '00:25:28', '2010-12-11', 'GANDIA', 25, NULL),
(575, '020041183', 4, '00:25:35', '2005-10-29', 'GANDIA', 25, NULL),
(576, '020041183', 4, '00:25:46', '2011-06-04', 'GANDIA', 25, NULL),
(577, '020041183', 4, '00:25:50', '2006-04-22', 'GANDIA', 25, NULL),
(578, '020041183', 4, '00:25:50', '2010-12-18', 'CASTELLN', 25, NULL),
(579, '020041183', 4, '00:25:53', '2010-06-05', 'GANDIA', 25, NULL),
(580, '020041183', 4, '00:25:56', '2009-12-19', 'VALENCIA', 25, NULL),
(581, '020041183', 4, '00:25:56', '2006-02-04', 'VALENCIA', 25, NULL),
(582, '020041183', 4, '00:25:57', '2005-05-21', 'GANDIA', 25, NULL),
(583, '020041183', 4, '00:25:65', '2008-06-01', 'PISCINA MURCIA PARQUE', 25, NULL),
(584, '020041183', 4, '00:25:68', '2006-06-04', 'PISCINA MURCIA PARQUE', 25, NULL),
(585, '020041183', 4, '00:25:68', '2006-06-04', 'PISCINA MURCIA PARQUE', 25, NULL),
(586, '020041183', 4, '00:25:69', '2011-03-08', 'BENIMAMET', 25, NULL),
(587, '020041183', 4, '00:25:70', '2005-11-19', 'VALENCIA', 25, NULL),
(588, '020041183', 4, '00:25:73', '2011-06-11', 'VALENCIA', 25, NULL),
(589, '020041183', 4, '00:25:80', '2005-06-05', 'MURCIA', 25, NULL),
(590, '020041183', 4, '00:25:90', '2007-01-28', 'ALZIRA', 25, NULL),
(591, '020041183', 4, '00:25:98', '2005-06-04', 'MURCIA', 25, NULL),
(592, '020041183', 4, '00:26:02', '2011-05-08', 'MALAGA', 25, NULL),
(593, '020041183', 4, '00:26:03', '2006-11-25', 'CASTELLON', 25, NULL),
(594, '020041183', 4, '00:26:03', '2007-07-14', 'CASTELLON', 25, NULL),
(595, '020041183', 4, '00:26:05', '2008-03-16', 'CASTELLON', 25, NULL),
(596, '020041183', 4, '00:26:07', '2006-10-28', 'GANDIA', 25, NULL),
(597, '020041183', 4, '00:26:09', '2005-08-04', 'CALELLA', 25, NULL),
(598, '020041183', 4, '00:26:16', '2006-07-22', 'VALENCIA', 25, NULL),
(599, '020041183', 4, '00:26:16', '2006-07-22', 'VALENCIA', 25, NULL),
(600, '020041183', 4, '00:26:23', '2007-11-25', 'VALENCIA', 25, NULL),
(601, '020041183', 4, '00:26:25', '2008-03-16', 'CASTELLON', 25, NULL),
(602, '020041183', 4, '00:26:29', '2007-06-02', 'GANDIA', 25, NULL),
(603, '020041183', 4, '00:26:29', '2008-07-25', 'VALENCIA', 25, NULL),
(604, '020041183', 4, '00:26:30', '2007-12-01', 'GANDIA', 25, NULL),
(605, '020041183', 4, '00:26:36', '2005-07-23', 'VALENCIA', 25, NULL),
(606, '020041183', 4, '00:26:39', '2007-04-21', 'GANDIA', 25, NULL),
(607, '020041183', 4, '00:26:47', '2008-05-10', 'GANDIA-MISLATA', 25, NULL),
(608, '020041183', 4, '00:26:48', '2008-02-16', 'GANDIA-XIRIVELLA', 25, NULL),
(609, '020041183', 4, '00:26:49', '2006-05-27', 'GANDIA', 25, NULL),
(610, '020041183', 4, '00:26:49', '2006-05-27', 'GANDIA', 25, NULL),
(611, '020041183', 4, '00:26:50', '2007-07-14', 'CASTELLON', 25, NULL),
(612, '020041183', 4, '00:26:92', '2007-02-11', 'VALENCIA', 25, NULL),
(613, '020041183', 4, '00:27:02', '2010-12-18', 'CASTELLN', 25, NULL),
(614, '020041183', 4, '00:27:41', '2006-07-23', 'VALENCIA', 25, NULL),
(615, '020041183', 4, '00:27:41', '2006-07-23', 'VALENCIA', 25, NULL),
(616, '020041183', 4, '00:28:17', '2004-02-28', 'PETRER', 25, NULL),
(617, '020041183', 4, '00:30:41', '2004-01-24', 'GANDIA', 25, NULL),
(618, '020041183', 4, '00:31:26', '2003-03-02', 'VILA-REAL (CASTELLON)', 25, NULL),
(619, '020041183', 8, '00:54:66', '2008-05-10', 'GANDIA-MISLATA', 25, NULL),
(620, '020041183', 8, '00:54:70', '2008-03-16', 'CASTELLON', 25, NULL),
(621, '020041183', 8, '00:54:87', '2007-12-01', 'GANDIA', 25, NULL),
(622, '020041183', 8, '00:54:88', '2007-06-02', 'GANDIA', 25, NULL),
(623, '020041183', 8, '00:54:94', '2008-03-16', 'CASTELLON', 25, NULL),
(624, '020041183', 8, '00:55:10', '2008-02-16', 'GANDIA-XIRIVELLA', 25, NULL),
(625, '020041183', 8, '00:55:11', '2007-04-21', 'GANDIA', 25, NULL),
(626, '020041183', 8, '00:55:14', '2007-11-25', 'VALENCIA', 25, NULL),
(627, '020041183', 8, '00:55:61', '2006-05-27', 'GANDIA', 25, NULL),
(628, '020041183', 8, '00:55:61', '2006-05-27', 'GANDIA', 25, NULL),
(629, '020041183', 8, '00:56:23', '2007-02-11', 'VALENCIA', 25, NULL),
(630, '020041183', 8, '00:56:86', '2007-07-14', 'CASTELLON', 25, NULL),
(631, '020041183', 8, '00:57:06', '2010-12-18', 'CASTELLN', 25, NULL),
(632, '020041183', 8, '00:57:92', '2007-05-19', 'ELCHE', 25, NULL),
(633, '020041183', 8, '00:58:08', '2006-07-23', 'VALENCIA', 25, NULL),
(634, '020041183', 8, '00:58:08', '2006-07-23', 'VALENCIA', 25, NULL),
(635, '020041183', 8, '00:59:36', '2004-02-28', 'PETRER', 25, NULL),
(636, '020041183', 8, '01:04:09', '2005-06-04', 'MURCIA', 25, NULL),
(637, '020041183', 8, '01:04:85', '2004-01-24', 'GANDIA', 25, NULL),
(638, '020041183', 8, '01:06:38', '2003-03-02', 'VILA-REAL (CASTELLON)', 25, NULL),
(639, '020041183', 13, '02:11:64', '2005-06-04', 'MURCIA', 25, NULL),
(640, '020041183', 13, '02:16:24', '2004-01-24', 'GANDIA', 25, NULL),
(641, '020041183', 13, '02:18:31', '2003-03-02', 'VILA-REAL (CASTELLON)', 25, NULL),
(642, '020041183', 15, '04:40:16', '2004-01-24', 'GANDIA', 25, NULL),
(643, '020041183', 2, '00:30:50', '2009-12-20', 'VALENCIA', 25, NULL),
(644, '020041183', 2, '00:30:63', '2007-11-25', 'VALENCIA', 25, NULL),
(645, '020041183', 2, '00:30:67', '2007-07-21', 'ALZIRA', 25, NULL),
(646, '020041183', 2, '00:30:79', '2008-05-10', 'GANDIA-MISLATA', 25, NULL),
(647, '020041183', 2, '00:33:56', '2003-11-15', 'VALENCIA', 25, NULL),
(648, '020041183', 6, '01:06:79', '2004-05-22', 'GANDIA', 25, NULL),
(649, '020041183', 6, '01:10:10', '2003-11-15', 'VALENCIA', 25, NULL),
(650, '020041183', 3, '00:31:26', '2008-11-16', 'CASTELLON', 25, NULL),
(651, '020041183', 3, '00:31:75', '2009-12-05', 'GANDIA', 25, NULL),
(652, '020041183', 3, '00:31:77', '2008-12-06', 'GANDIA', 25, NULL),
(653, '020041183', 3, '00:31:83', '2007-12-01', 'GANDIA', 25, NULL),
(654, '020041183', 3, '00:31:86', '2009-04-23', 'HUESCA', 25, NULL),
(655, '020041183', 3, '00:31:97', '2010-05-08', 'GANDIA', 25, NULL),
(656, '020041183', 3, '00:31:98', '2009-12-20', 'VALENCIA', 25, NULL),
(657, '020041183', 3, '00:32:14', '2008-05-25', 'GANDIA', 25, NULL),
(658, '020041183', 3, '00:32:22', '2005-11-19', 'VALENCIA', 25, NULL),
(659, '020041183', 3, '00:32:24', '2007-11-25', 'VALENCIA', 25, NULL),
(660, '020041183', 3, '00:32:34', '2009-10-31', 'GANDIA', 25, NULL),
(661, '020041183', 3, '00:32:52', '2010-06-05', 'GANDIA', 25, NULL),
(662, '020041183', 3, '00:32:66', '2006-02-04', 'VALENCIA', 25, NULL),
(663, '020041183', 3, '00:32:74', '2005-12-03', 'VALENCIA', 25, NULL),
(664, '020041183', 3, '00:32:80', '2005-02-25', 'VALENCIA', 25, NULL),
(665, '020041183', 3, '00:32:94', '2006-11-26', 'CASTELLON', 25, NULL),
(666, '020041183', 3, '00:32:95', '2005-12-10', 'GANDIA', 25, NULL),
(667, '020041183', 3, '00:32:97', '2006-02-04', 'VALENCIA', 25, NULL),
(668, '020041183', 3, '00:33:09', '2006-12-02', 'VALENCIA', 25, NULL),
(669, '020041183', 3, '00:33:13', '2004-11-13', 'GANDIA', 25, NULL),
(670, '020041183', 3, '00:33:19', '2009-12-05', 'GANDIA', 25, NULL),
(671, '020041183', 3, '00:33:20', '2005-04-23', 'GANDIA', 25, NULL),
(672, '020041183', 3, '00:33:28', '2004-11-21', 'CASTELLON', 25, NULL),
(673, '020041183', 3, '00:33:40', '2008-05-24', 'GANDIA', 25, NULL),
(674, '020041183', 3, '00:33:40', '2011-06-11', 'VALENCIA', 25, NULL),
(675, '020041183', 3, '00:33:58', '2007-06-02', 'GANDIA', 25, NULL),
(676, '020041183', 3, '00:33:58', '2009-10-31', 'GANDIA', 25, NULL),
(677, '020041183', 3, '00:33:72', '2005-07-23', 'VALENCIA', 25, NULL),
(678, '020041183', 3, '00:33:76', '2004-04-17', 'GANDIA', 25, NULL),
(679, '020041183', 3, '00:33:82', '2005-07-23', 'VALENCIA', 25, NULL),
(680, '020041183', 3, '00:33:82', '2004-11-21', 'CASTELLON', 25, NULL),
(681, '020041183', 3, '00:34:00', '2005-02-25', 'VALENCIA', 25, NULL),
(682, '020041183', 3, '00:34:01', '2004-12-04', 'VALENCIA', 25, NULL),
(683, '020041183', 3, '00:34:17', '2010-05-04', 'SAN SEBASTIAN', 25, NULL),
(684, '020041183', 3, '00:34:91', '2004-04-17', 'GANDIA', 25, NULL),
(685, '020041183', 3, '00:34:93', '2004-07-31', 'MISLATA', 25, NULL),
(686, '020041183', 3, '00:34:98', '2004-07-08', 'REUS', 25, NULL),
(687, '020041183', 3, '00:35:21', '2004-01-25', 'GANDIA', 25, NULL),
(688, '020041183', 3, '00:35:55', '2004-02-28', 'PETRER', 25, NULL),
(689, '020041183', 3, '00:35:55', '2010-05-08', 'GANDIA', 25, NULL),
(690, '020041183', 3, '00:35:81', '2003-12-21', 'VALENCIA', 25, NULL),
(691, '020041183', 3, '00:36:78', '2004-07-11', 'REUS', 25, NULL),
(692, '020041183', 3, '00:36:82', '2009-06-28', 'ALICANTE', 25, NULL),
(693, '020041183', 3, '00:36:98', '2011-04-02', 'OLIVA', 25, NULL),
(694, '020041183', 3, '01:32:83', '2007-02-11', 'VALENCIA', 25, NULL),
(695, '020041183', 7, '01:09:88', '2008-12-06', 'GANDIA', 25, NULL),
(696, '020041183', 7, '01:10:53', '2005-12-10', 'GANDIA', 25, NULL),
(697, '020041183', 7, '01:10:82', '2006-02-04', 'VALENCIA', 25, NULL),
(698, '020041183', 7, '01:11:69', '2009-12-05', 'GANDIA', 25, NULL),
(699, '020041183', 7, '01:11:89', '2008-05-24', 'GANDIA', 25, NULL),
(700, '020041183', 7, '01:12:44', '2009-10-31', 'GANDIA', 25, NULL),
(701, '020041183', 7, '01:12:48', '2004-11-21', 'CASTELLON', 25, NULL),
(702, '020041183', 7, '01:12:50', '2007-06-02', 'GANDIA', 25, NULL),
(703, '020041183', 7, '01:12:74', '2005-02-25', 'VALENCIA', 25, NULL),
(704, '020041183', 7, '01:13:03', '2010-05-08', 'GANDIA', 25, NULL),
(705, '020041183', 7, '01:13:06', '2005-04-23', 'GANDIA', 25, NULL),
(706, '020041183', 7, '01:13:13', '2004-04-17', 'GANDIA', 25, NULL),
(707, '020041183', 7, '01:13:58', '2004-06-26', 'VILLENA', 25, NULL),
(708, '020041183', 7, '01:13:74', '2005-07-23', 'VALENCIA', 25, NULL),
(709, '020041183', 7, '01:14:58', '2004-07-08', 'REUS', 25, NULL),
(710, '020041183', 7, '01:15:25', '2003-11-22', 'GANDIA', 25, NULL),
(711, '020041183', 7, '01:15:82', '2004-06-05', 'MURCIA', 25, NULL),
(712, '020041183', 7, '01:16:07', '2004-02-28', 'PETRER', 25, NULL),
(713, '020041183', 7, '01:16:62', '2004-01-25', 'GANDIA', 25, NULL),
(714, '020041183', 7, '01:17:24', '2004-06-27', 'VILLENA', 25, NULL),
(715, '020041183', 7, '01:17:40', '2003-12-21', 'VALENCIA', 25, NULL),
(716, '020041183', 7, '01:18:44', '2004-07-11', 'REUS', 25, NULL),
(717, '020041183', 7, '01:18:76', '2011-04-02', 'OLIVA', 25, NULL),
(718, '020041183', 12, '02:34:56', '2004-05-23', 'GANDIA', 25, NULL),
(719, '020041183', 12, '02:34:97', '2007-06-02', 'GANDIA', 25, NULL),
(720, '020041183', 12, '02:36:30', '2005-02-25', 'VALENCIA', 25, NULL),
(721, '020041183', 12, '02:38:75', '2004-02-28', 'PETRER', 25, NULL),
(722, '020041183', 12, '02:42:83', '2004-06-27', 'VILLENA', 25, NULL),
(723, '020041183', 12, '02:43:76', '2004-01-25', 'GANDIA', 25, NULL),
(724, '020041183', 12, '02:45:47', '2004-07-11', 'REUS', 25, NULL),
(725, '020041183', 1, '00:27:00', '2011-06-04', 'GANDIA', 25, NULL),
(726, '020041183', 1, '00:27:05', '2008-03-16', 'CASTELLON', 25, NULL),
(727, '020041183', 1, '00:27:28', '2011-06-11', 'VALENCIA', 25, NULL),
(728, '020041183', 1, '00:27:36', '2010-12-18', 'CASTELLN', 25, NULL),
(729, '020041183', 1, '00:27:41', '2008-04-12', 'GANDIA', 25, NULL),
(730, '020041183', 1, '00:27:54', '2008-11-09', 'GANDIA', 25, NULL),
(731, '020041183', 1, '00:27:56', '2009-05-30', 'GANDIA', 25, NULL),
(732, '020041183', 1, '00:27:65', '2007-12-22', 'GANDIA', 25, NULL),
(733, '020041183', 1, '00:27:72', '2006-11-26', 'CASTELLON', 25, NULL),
(734, '020041183', 1, '00:27:81', '2007-07-14', 'CASTELLON', 25, NULL),
(735, '020041183', 1, '00:27:88', '2008-07-25', 'VALENCIA', 25, NULL),
(736, '020041183', 1, '00:27:95', '2006-10-28', 'GANDIA', 25, NULL),
(737, '020041183', 1, '00:27:97', '2005-11-19', 'VALENCIA', 25, NULL),
(738, '020041183', 1, '00:27:99', '2007-01-28', 'ALZIRA', 25, NULL),
(739, '020041183', 1, '00:28:01', '2009-10-24', 'GANDIA', 25, NULL),
(740, '020041183', 1, '00:28:21', '2007-06-02', 'GANDIA', 25, NULL),
(741, '020041183', 1, '00:28:30', '2006-05-27', 'GANDIA', 25, NULL),
(742, '020041183', 1, '00:28:30', '2006-05-27', 'GANDIA', 25, NULL),
(743, '020041183', 1, '00:28:40', '2006-04-22', 'GANDIA', 25, NULL),
(744, '020041183', 1, '00:28:40', '2006-07-22', 'VALENCIA', 25, NULL),
(745, '020041183', 1, '00:28:40', '2006-07-22', 'VALENCIA', 25, NULL),
(746, '020041183', 1, '00:28:54', '2008-05-31', 'PISCINA MURCIA PARQUE', 25, NULL),
(747, '020041183', 1, '00:28:58', '2005-06-05', 'MURCIA', 25, NULL),
(748, '020041183', 1, '00:28:60', '2005-07-23', 'VALENCIA', 25, NULL),
(749, '020041183', 1, '00:28:95', '2007-07-13', 'CASTELLON', 25, NULL),
(750, '020041183', 1, '00:29:10', '2007-03-03', 'VALENCIA', 25, NULL),
(751, '020041183', 1, '00:29:37', '2005-05-21', 'GANDIA', 25, NULL),
(752, '020041183', 1, '00:29:39', '2004-11-21', 'CASTELLON', 25, NULL),
(753, '020041183', 1, '00:29:41', '2006-07-22', 'VALENCIA', 25, NULL),
(754, '020041183', 1, '00:29:41', '2006-07-22', 'VALENCIA', 25, NULL),
(755, '020041183', 1, '00:29:59', '2005-05-21', 'GANDIA', 25, NULL),
(756, '020041183', 1, '00:29:95', '2004-07-10', 'REUS', 25, NULL),
(757, '020041183', 1, '00:30:04', '2004-02-28', 'PETRER', 25, NULL),
(758, '020041183', 1, '00:30:19', '2005-02-25', 'VALENCIA', 25, NULL),
(759, '020041183', 1, '00:30:78', '2003-11-23', 'VALENCIA', 25, NULL),
(760, '020041183', 1, '00:31:66', '2003-03-01', 'VILA-REAL (CASTELLON)', 25, NULL),
(761, '020041183', 5, '01:01:09', '2007-06-02', 'GANDIA', 25, NULL),
(762, '020041183', 5, '01:01:29', '2006-05-27', 'GANDIA', 25, NULL),
(763, '020041183', 5, '01:01:29', '2006-05-27', 'GANDIA', 25, NULL),
(764, '020041183', 5, '01:01:43', '2007-12-22', 'GANDIA', 25, NULL),
(765, '020041183', 5, '01:02:04', '2006-04-22', 'GANDIA', 25, NULL),
(766, '020041183', 5, '01:02:74', '2005-05-21', 'GANDIA', 25, NULL),
(767, '020041183', 5, '01:03:74', '2006-06-03', 'PISCINA MURCIA PARQUE', 25, NULL),
(768, '020041183', 5, '01:03:74', '2006-06-03', 'PISCINA MURCIA PARQUE', 25, NULL),
(769, '020041183', 5, '01:03:98', '2007-07-13', 'CASTELLON', 25, NULL),
(770, '020041183', 5, '01:04:18', '2007-05-19', 'ELCHE', 25, NULL),
(771, '020041183', 5, '01:05:37', '2006-07-22', 'VALENCIA', 25, NULL),
(772, '020041183', 5, '01:05:37', '2006-07-22', 'VALENCIA', 25, NULL),
(773, '020041183', 5, '01:06:63', '2008-05-31', 'PISCINA MURCIA PARQUE', 25, NULL),
(774, '020041183', 5, '01:07:31', '2003-11-23', 'VALENCIA', 25, NULL),
(775, '020041183', 5, '01:08:04', '2003-03-01', 'VILA-REAL (CASTELLON)', 25, NULL),
(776, '020041183', 5, '01:10:09', '2003-06-28', 'VILLENA', 25, NULL),
(777, '020041183', 5, '01:13:08', '2003-06-29', 'VILLENA', 25, NULL),
(778, '020041183', 9, '01:02:46', '2008-11-15', 'CASTELLON', 25, NULL),
(779, '020041183', 9, '01:02:53', '2007-11-24', 'VALENCIA', 25, NULL),
(780, '020041183', 9, '01:03:13', '2006-02-04', 'VALENCIA', 25, NULL),
(781, '020041183', 9, '01:03:21', '2007-03-03', 'VALENCIA', 25, NULL),
(782, '020041183', 9, '01:03:25', '2007-12-22', 'GANDIA', 25, NULL),
(783, '020041183', 9, '01:03:28', '2009-05-31', 'GANDIA', 25, NULL),
(784, '020041183', 9, '01:03:82', '2005-11-19', 'VALENCIA', 25, NULL),
(785, '020041183', 9, '01:03:87', '2005-10-29', 'GANDIA', 25, NULL),
(786, '020041183', 9, '01:03:91', '2005-02-25', 'VALENCIA', 25, NULL),
(787, '020041183', 9, '01:04:18', '2010-12-18', 'CASTELLN', 25, NULL),
(788, '020041183', 9, '01:04:33', '2008-03-15', 'CASTELLON', 25, NULL),
(789, '020041183', 9, '01:04:53', '2009-04-23', 'HUESCA', 25, NULL),
(790, '020041183', 9, '01:05:05', '2007-01-28', 'ALZIRA', 25, NULL),
(791, '020041183', 9, '01:05:06', '2006-12-02', 'VALENCIA', 25, NULL),
(792, '020041183', 9, '01:06:28', '2004-11-20', 'CASTELLON', 25, NULL),
(793, '020041183', 9, '01:06:60', '2004-12-04', 'VALENCIA', 25, NULL),
(794, '020041183', 9, '01:07:00', '2003-11-22', 'GANDIA', 25, NULL),
(795, '020041183', 9, '01:08:59', '2003-11-15', 'VALENCIA', 25, NULL),
(796, '020041183', 14, '02:16:50', '2007-03-03', 'VALENCIA', 25, NULL),
(797, '020041183', 14, '02:17:69', '2005-05-21', 'GANDIA', 25, NULL),
(798, '020041183', 14, '02:18:35', '2006-05-27', 'GANDIA', 25, NULL),
(799, '020041183', 14, '02:18:35', '2006-05-27', 'GANDIA', 25, NULL),
(800, '020041183', 14, '02:18:99', '2004-05-22', 'GANDIA', 25, NULL),
(801, '020041183', 14, '02:19:57', '2005-02-25', 'VALENCIA', 25, NULL),
(802, '020041183', 14, '02:19:68', '2004-11-21', 'CASTELLON', 25, NULL),
(803, '020041183', 14, '02:21:19', '2004-02-28', 'PETRER', 25, NULL),
(804, '020041183', 14, '02:23:20', '2004-02-14', 'GANDIA', 25, NULL),
(805, '020041183', 14, '02:23:58', '2006-06-04', 'PISCINA MURCIA PARQUE', 25, NULL),
(806, '020041183', 14, '02:23:58', '2006-06-04', 'PISCINA MURCIA PARQUE', 25, NULL),
(807, '020041183', 14, '02:23:77', '2004-06-27', 'VILLENA', 25, NULL),
(808, '020041183', 14, '02:24:34', '2003-11-22', 'GANDIA', 25, NULL),
(809, '020041183', 14, '02:27:51', '2004-07-10', 'REUS', 25, NULL),
(810, '020041183', 14, '02:30:11', '2003-11-16', 'VALENCIA', 25, NULL),
(811, '020041183', 14, '02:31:43', '2003-06-28', 'VILLENA', 25, NULL),
(812, '020041183', 16, '04:59:23', '2005-11-19', 'VALENCIA', 25, NULL),
(813, '020041183', 16, '05:16:45', '2003-11-16', 'VALENCIA', 25, NULL),
(814, '020041183', 16, '05:22:08', '2003-06-29', 'VILLENA', 25, NULL),
(1019, '020058793', 4, '00:27:67', '2010-12-19', 'CASTELLN', 25, NULL),
(1020, '020058793', 4, '00:27:78', '2011-06-05', 'GANDIA', 25, NULL),
(1021, '020058793', 4, '00:27:83', '2011-03-05', 'VALENCIA', 25, NULL),
(1022, '020058793', 4, '00:27:97', '2011-06-04', 'GANDIA', 25, NULL),
(1023, '020058793', 4, '00:28:07', '2010-12-18', 'CASTELLN', 25, NULL),
(1024, '020058793', 4, '00:28:36', '2010-06-05', 'GANDIA', 25, NULL),
(1025, '020058793', 4, '00:28:37', '2010-06-05', 'GANDIA', 25, NULL),
(1026, '020058793', 4, '00:28:48', '2011-02-25', 'PALMA M.', 25, NULL),
(1027, '020058793', 4, '00:28:56', '2011-03-06', 'VALENCIA', 25, NULL),
(1028, '020058793', 4, '00:28:56', '2011-01-22', 'GANDIA', 25, NULL),
(1029, '020058793', 4, '00:28:70', '2011-06-04', 'GANDIA', 25, NULL),
(1030, '020058793', 4, '00:28:72', '2010-06-05', 'GANDIA', 25, NULL),
(1031, '020058793', 4, '00:28:72', '2010-12-19', 'CASTELLN', 25, NULL),
(1032, '020058793', 4, '00:28:87', '2010-12-19', 'CASTELLN', 25, NULL),
(1033, '020058793', 4, '00:28:93', '2011-02-26', 'PALMA M.', 25, NULL),
(1034, '020058793', 4, '00:28:97', '2010-07-25', 'BARCELONA', 25, NULL),
(1035, '020058793', 4, '00:28:99', '2010-12-11', 'GANDIA', 25, NULL),
(1036, '020058793', 4, '00:29:00', '2010-07-17', 'ALZIRA', 25, NULL),
(1037, '020058793', 4, '00:29:01', '2010-10-30', 'GANDIA', 25, NULL),
(1038, '020058793', 4, '00:29:02', '2010-02-27', 'CASTELLON', 25, NULL),
(1039, '020058793', 4, '00:29:08', '2010-07-09', 'VALENCIA', 25, NULL),
(1040, '020058793', 4, '00:29:09', '2009-12-05', 'GANDIA', 25, NULL),
(1041, '020058793', 4, '00:29:15', '2010-07-09', 'VALENCIA', 25, NULL),
(1042, '020058793', 4, '00:29:22', '2010-12-18', 'CASTELLN', 25, NULL),
(1043, '020058793', 4, '00:29:25', '2010-02-07', 'TURIS', 25, NULL),
(1044, '020058793', 4, '00:29:33', '2010-07-17', 'ALZIRA', 25, NULL),
(1045, '020058793', 4, '00:29:48', '2009-02-14', 'GANDIA', 25, NULL),
(1046, '020058793', 4, '00:29:49', '2011-05-07', 'PISCINA GANDIA', 25, NULL),
(1047, '020058793', 4, '00:29:53', '2009-10-31', 'GANDIA', 25, NULL),
(1048, '020058793', 4, '00:29:55', '2010-06-28', 'MISLATA', 25, NULL),
(1049, '020058793', 4, '00:29:60', '2010-02-07', 'TURIS', 25, NULL),
(1050, '020058793', 4, '00:29:64', '2010-05-08', 'GANDIA', 25, NULL),
(1051, '020058793', 4, '00:29:64', '2010-12-11', 'GANDIA', 25, NULL),
(1052, '020058793', 4, '00:29:68', '2010-05-22', 'PILAR DE LA HORADADA', 25, NULL),
(1053, '020058793', 4, '00:29:68', '2011-03-06', 'VALENCIA', 25, NULL),
(1054, '020058793', 4, '00:29:72', '2009-04-18', 'GANDIA', 25, NULL),
(1055, '020058793', 4, '00:29:73', '2009-05-31', 'GANDIA', 25, NULL),
(1056, '020058793', 4, '00:29:74', '2009-05-30', 'GANDIA', 25, NULL),
(1057, '020058793', 4, '00:29:78', '2011-01-23', 'GANDIA', 25, NULL),
(1058, '020058793', 4, '00:29:78', '2009-12-05', 'GANDIA', 25, NULL),
(1059, '020058793', 4, '00:29:79', '2010-02-27', 'CASTELLON', 25, NULL),
(1060, '020058793', 4, '00:29:85', '2010-12-19', 'CASTELLN', 25, NULL),
(1061, '020058793', 4, '00:29:86', '2008-10-25', 'GANDIA', 25, NULL),
(1062, '020058793', 4, '00:29:87', '2011-06-04', 'GANDIA', 25, NULL),
(1063, '020058793', 4, '00:29:91', '2010-10-30', 'GANDIA', 25, NULL),
(1064, '020058793', 4, '00:29:94', '2010-06-05', 'GANDIA', 25, NULL),
(1065, '020058793', 4, '00:30:12', '2009-02-21', 'VALENCIA', 25, NULL),
(1066, '020058793', 4, '00:30:27', '2009-06-27', 'ALICANTE', 25, NULL),
(1067, '020058793', 4, '00:30:31', '2010-07-09', 'VALENCIA', 25, NULL),
(1068, '020058793', 4, '00:30:33', '2010-07-09', 'VALENCIA', 25, NULL),
(1069, '020058793', 4, '00:30:33', '2009-12-20', 'VALENCIA', 25, NULL),
(1070, '020058793', 4, '00:30:34', '2008-11-15', 'CASTELLON', 25, NULL),
(1071, '020058793', 4, '00:30:52', '2009-10-31', 'GANDIA', 25, NULL),
(1072, '020058793', 4, '00:30:52', '2009-02-21', 'VALENCIA', 25, NULL),
(1073, '020058793', 4, '00:30:52', '2011-02-27', 'PALMA M.', 25, NULL),
(1074, '020058793', 4, '00:30:69', '2010-11-20', 'BENIMAMET', 25, NULL),
(1075, '020058793', 4, '00:30:71', '2008-04-12', 'GANDIA', 25, NULL),
(1076, '020058793', 4, '00:30:77', '2011-06-04', 'GANDIA', 25, NULL),
(1077, '020058793', 4, '00:30:82', '2009-05-30', 'GANDIA', 25, NULL),
(1078, '020058793', 4, '00:30:90', '2009-06-28', 'ALICANTE', 25, NULL),
(1079, '020058793', 4, '00:30:91', '2008-05-24', 'GANDIA', 25, NULL),
(1080, '020058793', 4, '00:31:07', '2011-03-05', 'VALENCIA', 25, NULL),
(1081, '020058793', 4, '00:31:27', '2009-02-14', 'GANDIA', 25, NULL),
(1082, '020058793', 4, '00:31:28', '2009-04-18', 'GANDIA', 25, NULL),
(1083, '020058793', 4, '00:31:32', '2009-11-14', 'GANDIA', 25, NULL),
(1084, '020058793', 4, '00:31:34', '2009-02-22', 'VALENCIA', 25, NULL),
(1085, '020058793', 4, '00:31:42', '2008-06-01', 'PISCINA MURCIA PARQUE', 25, NULL),
(1086, '020058793', 4, '00:31:44', '2010-06-05', 'GANDIA', 25, NULL),
(1087, '020058793', 4, '00:31:54', '2008-07-20', 'ELDA', 25, NULL),
(1088, '020058793', 4, '00:31:66', '2010-02-27', 'CASTELLON', 25, NULL),
(1089, '020058793', 4, '00:31:77', '2009-12-20', 'VALENCIA', 25, NULL),
(1090, '020058793', 4, '00:31:80', '2009-06-27', 'ALICANTE', 25, NULL),
(1091, '020058793', 4, '00:31:84', '2008-11-16', 'CASTELLON', 25, NULL),
(1092, '020058793', 4, '00:31:92', '2009-02-21', 'VALENCIA', 25, NULL),
(1093, '020058793', 4, '00:31:94', '2010-11-20', 'BENIMAMET', 25, NULL),
(1094, '020058793', 4, '00:31:95', '2009-02-15', 'GANDIA', 25, NULL),
(1095, '020058793', 4, '00:32:07', '2007-12-22', 'GANDIA', 25, NULL),
(1096, '020058793', 4, '00:32:07', '2008-05-24', 'GANDIA', 25, NULL),
(1097, '020058793', 4, '00:32:16', '2010-12-19', 'CASTELLN', 25, NULL),
(1098, '020058793', 4, '00:32:22', '2009-05-31', 'GANDIA', 25, NULL),
(1099, '020058793', 4, '00:32:22', '2007-07-21', 'ALZIRA', 25, NULL),
(1100, '020058793', 4, '00:32:65', '2009-06-28', 'ALICANTE', 25, NULL),
(1101, '020058793', 4, '00:32:99', '2008-01-19', 'VALENCIA', 25, NULL),
(1102, '020058793', 4, '00:33:13', '2009-02-22', 'VALENCIA', 25, NULL),
(1103, '020058793', 4, '00:33:27', '2009-12-20', 'VALENCIA', 25, NULL),
(1104, '020058793', 4, '00:33:33', '2009-11-15', 'GANDIA', 25, NULL),
(1105, '020058793', 4, '00:33:33', '2009-02-21', 'VALENCIA', 25, NULL),
(1106, '020058793', 4, '00:33:43', '2008-02-16', 'GANDIA-XIRIVELLA', 25, NULL),
(1107, '020058793', 4, '00:33:54', '2007-11-10', 'ALMANSA', 25, NULL),
(1108, '020058793', 4, '00:33:63', '2008-11-16', 'CASTELLON', 25, NULL),
(1109, '020058793', 4, '00:33:69', '2007-06-17', 'VALENCIA', 25, NULL),
(1110, '020058793', 4, '00:33:84', '2008-05-10', 'GANDIA-MISLATA', 25, NULL);
INSERT INTO `nadador_prova` (`id`, `nadador`, `proba`, `temps`, `fetxa`, `lloc`, `metrespicina`, `brazades`) VALUES
(1111, '020058793', 4, '00:33:89', '2009-06-27', 'ALICANTE', 25, NULL),
(1112, '020058793', 4, '00:33:97', '2010-02-27', 'CASTELLON', 25, NULL),
(1113, '020058793', 4, '00:34:03', '2007-06-02', 'GANDIA', 25, NULL),
(1114, '020058793', 4, '00:34:41', '2008-02-16', 'GANDIA-XIRIVELLA', 25, NULL),
(1115, '020058793', 4, '00:34:52', '2009-10-25', 'GANDIA', 25, NULL),
(1116, '020058793', 4, '00:34:58', '2008-05-25', 'GANDIA', 25, NULL),
(1117, '020058793', 4, '00:34:67', '2008-11-15', 'CASTELLON', 25, NULL),
(1118, '020058793', 4, '00:35:06', '2007-06-02', 'GANDIA', 25, NULL),
(1119, '020058793', 4, '00:35:58', '2007-04-21', 'GANDIA', 25, NULL),
(1120, '020058793', 4, '00:36:40', '2008-01-19', 'VALENCIA', 25, NULL),
(1121, '020058793', 4, '00:36:49', '2006-10-28', 'GANDIA', 25, NULL),
(1122, '020058793', 4, '00:36:77', '2006-05-13', 'RIVAS VACIAMADRID', 25, NULL),
(1123, '020058793', 4, '00:36:77', '2006-05-13', 'RIVAS VACIAMADRID', 25, NULL),
(1124, '020058793', 4, '00:36:78', '2006-05-27', 'GANDIA', 25, NULL),
(1125, '020058793', 4, '00:36:78', '2006-05-27', 'GANDIA', 25, NULL),
(1126, '020058793', 4, '00:37:18', '2007-06-02', 'GANDIA', 25, NULL),
(1127, '020058793', 4, '00:37:37', '2007-02-04', 'VALENCIA', 25, NULL),
(1128, '020058793', 4, '00:37:93', '2005-10-29', 'GANDIA', 25, NULL),
(1129, '020058793', 4, '00:37:95', '2005-05-21', 'GANDIA', 25, NULL),
(1130, '020058793', 4, '00:38:16', '2006-03-05', 'BETERA', 25, NULL),
(1131, '020058793', 4, '00:39:59', '2006-01-14', 'GANDIA', 25, NULL),
(1132, '020058793', 4, '00:40:20', '2007-01-14', 'BETERA', 25, NULL),
(1133, '020058793', 4, '00:40:26', '2005-04-24', 'GANDIA', 25, NULL),
(1134, '020058793', 4, '00:45:45', '2004-11-06', 'GANDIA', 25, NULL),
(1135, '020058793', 4, '00:45:79', '2004-11-13', 'GANDIA', 25, NULL),
(1136, '020058793', 8, '01:00:16', '2010-12-19', 'CASTELLN', 25, NULL),
(1137, '020058793', 8, '01:00:23', '2011-01-22', 'GANDIA', 25, NULL),
(1138, '020058793', 8, '01:00:23', '2011-03-06', 'VALENCIA', 25, NULL),
(1139, '020058793', 8, '01:00:42', '2010-12-19', 'CASTELLN', 25, NULL),
(1140, '020058793', 8, '01:00:83', '2011-06-04', 'GANDIA', 25, NULL),
(1141, '020058793', 8, '01:01:94', '2011-02-26', 'PALMA M.', 25, NULL),
(1142, '020058793', 8, '01:01:97', '2011-05-07', 'PISCINA GANDIA', 25, NULL),
(1143, '020058793', 8, '01:02:11', '2010-02-07', 'TURIS', 25, NULL),
(1144, '020058793', 8, '01:02:13', '2011-03-06', 'VALENCIA', 25, NULL),
(1145, '020058793', 8, '01:02:18', '2010-12-18', 'CASTELLN', 25, NULL),
(1146, '020058793', 8, '01:02:37', '2010-12-11', 'GANDIA', 25, NULL),
(1147, '020058793', 8, '01:02:53', '2010-06-05', 'GANDIA', 25, NULL),
(1148, '020058793', 8, '01:02:72', '2010-12-19', 'CASTELLN', 25, NULL),
(1149, '020058793', 8, '01:02:79', '2010-10-30', 'GANDIA', 25, NULL),
(1150, '020058793', 8, '01:02:91', '2011-06-04', 'GANDIA', 25, NULL),
(1151, '020058793', 8, '01:03:38', '2010-05-08', 'GANDIA', 25, NULL),
(1152, '020058793', 8, '01:03:44', '2011-01-23', 'GANDIA', 25, NULL),
(1153, '020058793', 8, '01:03:56', '2010-07-09', 'VALENCIA', 25, NULL),
(1154, '020058793', 8, '01:03:70', '2009-12-20', 'VALENCIA', 25, NULL),
(1155, '020058793', 8, '01:03:72', '2009-12-05', 'GANDIA', 25, NULL),
(1156, '020058793', 8, '01:03:78', '2010-07-09', 'VALENCIA', 25, NULL),
(1157, '020058793', 8, '01:03:79', '2010-02-27', 'CASTELLON', 25, NULL),
(1158, '020058793', 8, '01:04:47', '2009-10-31', 'GANDIA', 25, NULL),
(1159, '020058793', 8, '01:04:47', '2011-06-04', 'GANDIA', 25, NULL),
(1160, '020058793', 8, '01:04:59', '2010-11-20', 'BENIMAMET', 25, NULL),
(1161, '020058793', 8, '01:04:79', '2011-02-27', 'PALMA M.', 25, NULL),
(1162, '020058793', 8, '01:04:93', '2010-06-28', 'MISLATA', 25, NULL),
(1163, '020058793', 8, '01:04:98', '2011-03-05', 'VALENCIA', 25, NULL),
(1164, '020058793', 8, '01:05:46', '2009-02-14', 'GANDIA', 25, NULL),
(1165, '020058793', 8, '01:05:49', '2009-05-30', 'GANDIA', 25, NULL),
(1166, '020058793', 8, '01:05:53', '2009-04-18', 'GANDIA', 25, NULL),
(1167, '020058793', 8, '01:05:59', '2010-07-09', 'VALENCIA', 25, NULL),
(1168, '020058793', 8, '01:05:93', '2010-06-05', 'GANDIA', 25, NULL),
(1169, '020058793', 8, '01:05:98', '2009-02-22', 'VALENCIA', 25, NULL),
(1170, '020058793', 8, '01:06:32', '2010-02-27', 'CASTELLON', 25, NULL),
(1171, '020058793', 8, '01:06:45', '2009-11-14', 'GANDIA', 25, NULL),
(1172, '020058793', 8, '01:06:56', '2008-11-16', 'CASTELLON', 25, NULL),
(1173, '020058793', 8, '01:06:56', '2009-06-20', 'CATARROJA', 25, NULL),
(1174, '020058793', 8, '01:06:84', '2009-12-20', 'VALENCIA', 25, NULL),
(1175, '020058793', 8, '01:07:04', '2010-12-19', 'CASTELLN', 25, NULL),
(1176, '020058793', 8, '01:07:34', '2009-06-27', 'ALICANTE', 25, NULL),
(1177, '020058793', 8, '01:07:79', '2009-02-15', 'GANDIA', 25, NULL),
(1178, '020058793', 8, '01:07:80', '2010-11-20', 'BENIMAMET', 25, NULL),
(1179, '020058793', 8, '01:07:97', '2008-05-24', 'GANDIA', 25, NULL),
(1180, '020058793', 8, '01:08:03', '2009-05-31', 'GANDIA', 25, NULL),
(1181, '020058793', 8, '01:08:15', '2009-02-21', 'VALENCIA', 25, NULL),
(1182, '020058793', 8, '01:08:38', '2008-07-19', 'ELDA', 25, NULL),
(1183, '020058793', 8, '01:08:72', '2008-06-28', 'VILLENA', 25, NULL),
(1184, '020058793', 8, '01:09:17', '2009-02-22', 'VALENCIA', 25, NULL),
(1185, '020058793', 8, '01:09:24', '2009-06-28', 'ALICANTE', 25, NULL),
(1186, '020058793', 8, '01:09:64', '2009-12-20', 'VALENCIA', 25, NULL),
(1187, '020058793', 8, '01:09:84', '2009-11-15', 'GANDIA', 25, NULL),
(1188, '020058793', 8, '01:09:95', '2009-02-21', 'VALENCIA', 25, NULL),
(1189, '020058793', 8, '01:10:70', '2008-02-16', 'GANDIA-XIRIVELLA', 25, NULL),
(1190, '020058793', 8, '01:10:74', '2008-07-14', 'MISLATA', 25, NULL),
(1191, '020058793', 8, '01:10:89', '2008-11-16', 'CASTELLON', 25, NULL),
(1192, '020058793', 8, '01:11:08', '2010-02-27', 'CASTELLON', 25, NULL),
(1193, '020058793', 8, '01:11:47', '2007-11-10', 'ALMANSA', 25, NULL),
(1194, '020058793', 8, '01:11:57', '2008-02-23', 'ELCHE', 25, NULL),
(1195, '020058793', 8, '01:11:67', '2008-01-19', 'VALENCIA', 25, NULL),
(1196, '020058793', 8, '01:11:74', '2008-05-10', 'GANDIA-MISLATA', 25, NULL),
(1197, '020058793', 8, '01:11:94', '2008-11-15', 'CASTELLON', 25, NULL),
(1198, '020058793', 8, '01:12:04', '2007-06-17', 'VALENCIA', 25, NULL),
(1199, '020058793', 8, '01:12:22', '2009-10-25', 'GANDIA', 25, NULL),
(1200, '020058793', 8, '01:12:22', '2009-06-27', 'ALICANTE', 25, NULL),
(1201, '020058793', 8, '01:12:49', '2007-06-02', 'GANDIA', 25, NULL),
(1202, '020058793', 8, '01:12:60', '2008-05-31', 'PISCINA MURCIA PARQUE', 25, NULL),
(1203, '020058793', 8, '01:12:89', '2007-06-30', 'VILLENA', 25, NULL),
(1204, '020058793', 8, '01:12:91', '2008-02-16', 'GANDIA-XIRIVELLA', 25, NULL),
(1205, '020058793', 8, '01:14:07', '2008-05-25', 'GANDIA', 25, NULL),
(1206, '020058793', 8, '01:14:68', '2007-06-02', 'GANDIA', 25, NULL),
(1207, '020058793', 8, '01:14:73', '2008-07-20', 'ELDA', 25, NULL),
(1208, '020058793', 8, '01:15:28', '2008-05-31', 'PISCINA MURCIA PARQUE', 25, NULL),
(1209, '020058793', 8, '01:15:47', '2007-07-02', 'MISLATA', 25, NULL),
(1210, '020058793', 8, '01:16:03', '2008-02-23', 'ELCHE', 25, NULL),
(1211, '020058793', 8, '01:16:71', '2008-01-19', 'VALENCIA', 25, NULL),
(1212, '020058793', 8, '01:16:99', '2006-10-28', 'GANDIA', 25, NULL),
(1213, '020058793', 8, '01:17:48', '2007-02-04', 'VALENCIA', 25, NULL),
(1214, '020058793', 8, '01:17:68', '2007-04-21', 'GANDIA', 25, NULL),
(1215, '020058793', 8, '01:18:19', '2006-05-27', 'GANDIA', 25, NULL),
(1216, '020058793', 8, '01:18:19', '2006-05-27', 'GANDIA', 25, NULL),
(1217, '020058793', 8, '01:18:74', '2007-06-02', 'GANDIA', 25, NULL),
(1218, '020058793', 8, '01:20:05', '2006-05-13', 'RIVAS VACIAMADRID', 25, NULL),
(1219, '020058793', 8, '01:20:05', '2006-05-13', 'RIVAS VACIAMADRID', 25, NULL),
(1220, '020058793', 8, '01:22:24', '2006-03-05', 'BETERA', 25, NULL),
(1221, '020058793', 8, '01:22:42', '2005-05-21', 'GANDIA', 25, NULL),
(1222, '020058793', 8, '01:23:35', '2006-01-14', 'GANDIA', 25, NULL),
(1223, '020058793', 8, '01:24:15', '2005-10-29', 'GANDIA', 25, NULL),
(1224, '020058793', 8, '01:25:58', '2007-01-14', 'BETERA', 25, NULL),
(1225, '020058793', 8, '01:30:24', '2005-04-24', 'GANDIA', 25, NULL),
(1226, '020058793', 8, '01:41:47', '2004-11-13', 'GANDIA', 25, NULL),
(1227, '020058793', 13, '02:10:19', '2011-03-06', 'VALENCIA', 25, NULL),
(1228, '020058793', 13, '02:10:32', '2010-12-19', 'CASTELLN', 25, NULL),
(1229, '020058793', 13, '02:11:07', '2010-12-18', 'CASTELLN', 25, NULL),
(1230, '020058793', 13, '02:12:78', '2011-01-23', 'GANDIA', 25, NULL),
(1231, '020058793', 13, '02:13:15', '2011-06-04', 'GANDIA', 25, NULL),
(1232, '020058793', 13, '02:14:69', '2010-12-11', 'GANDIA', 25, NULL),
(1233, '020058793', 13, '02:14:88', '2010-07-09', 'VALENCIA', 25, NULL),
(1234, '020058793', 13, '02:15:03', '2011-02-27', 'PALMA M.', 25, NULL),
(1235, '020058793', 13, '02:15:21', '2011-03-05', 'VALENCIA', 25, NULL),
(1236, '020058793', 13, '02:15:30', '2011-06-04', 'GANDIA', 25, NULL),
(1237, '020058793', 13, '02:15:75', '2010-05-08', 'GANDIA', 25, NULL),
(1238, '020058793', 13, '02:17:05', '2010-06-05', 'GANDIA', 25, NULL),
(1239, '020058793', 13, '02:18:01', '2010-12-19', 'CASTELLN', 25, NULL),
(1240, '020058793', 13, '02:18:39', '2010-07-09', 'VALENCIA', 25, NULL),
(1241, '020058793', 13, '02:18:80', '2010-02-27', 'CASTELLON', 25, NULL),
(1242, '020058793', 13, '02:18:92', '2009-11-14', 'GANDIA', 25, NULL),
(1243, '020058793', 13, '02:18:95', '2009-12-20', 'VALENCIA', 25, NULL),
(1244, '020058793', 13, '02:21:25', '2009-02-15', 'GANDIA', 25, NULL),
(1245, '020058793', 13, '02:21:41', '2010-11-20', 'BENIMAMET', 25, NULL),
(1246, '020058793', 13, '02:22:80', '2009-02-21', 'VALENCIA', 25, NULL),
(1247, '020058793', 13, '02:23:07', '2009-05-31', 'GANDIA', 25, NULL),
(1248, '020058793', 13, '02:24:17', '2009-12-20', 'VALENCIA', 25, NULL),
(1249, '020058793', 13, '02:24:23', '2009-02-22', 'VALENCIA', 25, NULL),
(1250, '020058793', 13, '02:24:80', '2009-06-28', 'ALICANTE', 25, NULL),
(1251, '020058793', 13, '02:25:24', '2009-11-15', 'GANDIA', 25, NULL),
(1252, '020058793', 13, '02:26:51', '2009-02-21', 'VALENCIA', 25, NULL),
(1253, '020058793', 13, '02:26:55', '2008-11-16', 'CASTELLON', 25, NULL),
(1254, '020058793', 13, '02:27:17', '2010-02-27', 'CASTELLON', 25, NULL),
(1255, '020058793', 13, '02:28:42', '2008-07-14', 'MISLATA', 25, NULL),
(1256, '020058793', 13, '02:29:03', '2008-05-10', 'GANDIA-MISLATA', 25, NULL),
(1257, '020058793', 13, '02:29:49', '2009-10-25', 'GANDIA', 25, NULL),
(1258, '020058793', 13, '02:29:78', '2009-06-27', 'ALICANTE', 25, NULL),
(1259, '020058793', 13, '02:30:61', '2008-11-15', 'CASTELLON', 25, NULL),
(1260, '020058793', 13, '02:32:47', '2008-02-16', 'GANDIA-XIRIVELLA', 25, NULL),
(1261, '020058793', 13, '02:35:55', '2008-05-25', 'GANDIA', 25, NULL),
(1262, '020058793', 13, '02:36:81', '2008-05-31', 'PISCINA MURCIA PARQUE', 25, NULL),
(1263, '020058793', 13, '02:38:03', '2007-06-02', 'GANDIA', 25, NULL),
(1264, '020058793', 13, '02:38:10', '2008-02-23', 'ELCHE', 25, NULL),
(1265, '020058793', 13, '02:38:43', '2008-01-19', 'VALENCIA', 25, NULL),
(1266, '020058793', 13, '02:38:63', '2008-07-20', 'ELDA', 25, NULL),
(1267, '020058793', 13, '02:41:07', '2007-04-21', 'GANDIA', 25, NULL),
(1268, '020058793', 13, '02:45:30', '2007-06-02', 'GANDIA', 25, NULL),
(1269, '020058793', 13, '02:52:90', '2006-01-14', 'GANDIA', 25, NULL),
(1270, '020058793', 13, '03:00:63', '2007-01-14', 'BETERA', 25, NULL),
(1271, '020058793', 15, '04:35:06', '2011-03-05', 'VALENCIA', 25, NULL),
(1272, '020058793', 15, '04:36:86', '2011-06-04', 'GANDIA', 25, NULL),
(1273, '020058793', 15, '04:37:06', '2010-12-19', 'CASTELLN', 25, NULL),
(1274, '020058793', 15, '04:39:20', '2010-06-05', 'GANDIA', 25, NULL),
(1275, '020058793', 15, '04:46:12', '2010-07-09', 'VALENCIA', 25, NULL),
(1276, '020058793', 15, '04:50:63', '2010-11-20', 'BENIMAMET', 25, NULL),
(1277, '020058793', 15, '04:53:39', '2009-12-20', 'VALENCIA', 25, NULL),
(1278, '020058793', 15, '04:55:18', '2009-11-15', 'GANDIA', 25, NULL),
(1279, '020058793', 15, '04:58:56', '2009-02-21', 'VALENCIA', 25, NULL),
(1280, '020058793', 15, '04:58:69', '2010-02-27', 'CASTELLON', 25, NULL),
(1281, '020058793', 15, '04:58:85', '2009-05-31', 'GANDIA', 25, NULL),
(1282, '020058793', 15, '05:03:69', '2009-06-27', 'ALICANTE', 25, NULL),
(1283, '020058793', 15, '05:06:90', '2008-11-15', 'CASTELLON', 25, NULL),
(1284, '020058793', 15, '05:07:46', '2009-10-25', 'GANDIA', 25, NULL),
(1285, '020058793', 15, '05:20:10', '2008-05-25', 'GANDIA', 25, NULL),
(1286, '020058793', 15, '05:36:79', '2007-06-02', 'GANDIA', 25, NULL),
(1287, '020058793', 15, '06:05:20', '2007-01-14', 'BETERA', 25, NULL),
(1288, '020058793', 17, '10:32:97', '2009-10-25', 'GANDIA', 25, NULL),
(1289, '020058793', 2, '00:36:44', '2010-01-16', 'OLIVA', 25, NULL),
(1290, '020058793', 2, '00:37:19', '2007-12-22', 'GANDIA', 25, NULL),
(1291, '020058793', 2, '00:39:00', '2007-07-21', 'ALZIRA', 25, NULL),
(1292, '020058793', 2, '00:39:63', '2010-04-18', 'MISLATA', 25, NULL),
(1293, '020058793', 2, '00:39:72', '2007-06-17', 'VALENCIA', 25, NULL),
(1294, '020058793', 2, '00:40:17', '2006-05-27', 'GANDIA', 25, NULL),
(1295, '020058793', 2, '00:40:17', '2006-05-27', 'GANDIA', 25, NULL),
(1296, '020058793', 2, '00:41:12', '2006-05-27', 'GANDIA', 25, NULL),
(1297, '020058793', 2, '00:41:12', '2006-05-27', 'GANDIA', 25, NULL),
(1298, '020058793', 2, '00:41:34', '2006-10-28', 'GANDIA', 25, NULL),
(1299, '020058793', 2, '00:42:63', '2006-05-13', 'RIVAS VACIAMADRID', 25, NULL),
(1300, '020058793', 2, '00:42:63', '2006-05-13', 'RIVAS VACIAMADRID', 25, NULL),
(1301, '020058793', 2, '00:42:94', '2006-11-19', 'VALENCIA', 25, NULL),
(1302, '020058793', 2, '00:43:97', '2005-10-29', 'GANDIA', 25, NULL),
(1303, '020058793', 6, '01:14:98', '2010-01-16', 'OLIVA', 25, NULL),
(1304, '020058793', 6, '01:19:72', '2009-07-04', 'POLIDEPORTIVO VILLENA', 25, NULL),
(1305, '020058793', 6, '01:19:72', '2009-07-04', 'POLIDEPORTIVO VILLENA', 25, NULL),
(1306, '020058793', 6, '01:22:04', '2010-04-18', 'MISLATA', 25, NULL),
(1307, '020058793', 6, '01:25:45', '2007-06-17', 'VALENCIA', 25, NULL),
(1308, '020058793', 6, '01:26:88', '2006-05-27', 'GANDIA', 25, NULL),
(1309, '020058793', 6, '01:26:88', '2006-05-27', 'GANDIA', 25, NULL),
(1310, '020058793', 6, '01:29:57', '2006-05-13', 'RIVAS VACIAMADRID', 25, NULL),
(1311, '020058793', 6, '01:29:57', '2006-05-13', 'RIVAS VACIAMADRID', 25, NULL),
(1312, '020058793', 6, '01:29:79', '2006-07-01', 'XIRIVELLA', 25, NULL),
(1313, '020058793', 6, '01:29:79', '2006-07-01', 'XIRIVELLA', 25, NULL),
(1314, '020058793', 6, '01:30:30', '2006-11-19', 'VALENCIA', 25, NULL),
(1315, '020058793', 6, '01:32:02', '2006-06-11', 'BURJASSOT', 25, NULL),
(1316, '020058793', 6, '01:32:02', '2006-06-11', 'BURJASSOT', 25, NULL),
(1317, '020058793', 11, '02:44:01', '2010-04-18', 'MISLATA', 25, NULL),
(1318, '020058793', 11, '03:09:45', '2006-11-19', 'VALENCIA', 25, NULL),
(1319, '020058793', 3, '00:40:73', '2010-04-18', 'MISLATA', 25, NULL),
(1320, '020058793', 3, '00:47:36', '2006-04-23', 'GANDIA', 25, NULL),
(1321, '020058793', 3, '00:47:61', '2005-05-21', 'GANDIA', 25, NULL),
(1322, '020058793', 3, '00:48:06', '2006-12-16', 'GANDIA', 25, NULL),
(1323, '020058793', 3, '00:48:92', '2005-11-12', 'GANDIA', 25, NULL),
(1324, '020058793', 3, '00:50:61', '2005-01-16', 'VALENCIA', 25, NULL),
(1325, '020058793', 7, '01:43:91', '2006-04-23', 'GANDIA', 25, NULL),
(1326, '020058793', 7, '01:45:71', '2006-12-16', 'GANDIA', 25, NULL),
(1327, '020058793', 7, '01:45:83', '2005-11-12', 'GANDIA', 25, NULL),
(1328, '020058793', 1, '00:31:77', '2011-01-22', 'GANDIA', 25, NULL),
(1329, '020058793', 1, '00:32:19', '2011-05-07', 'PISCINA GANDIA', 25, NULL),
(1330, '020058793', 1, '00:34:21', '2010-05-22', 'PILAR DE LA HORADADA', 25, NULL),
(1331, '020058793', 1, '00:34:48', '2009-10-24', 'GANDIA', 25, NULL),
(1332, '020058793', 1, '00:34:53', '2010-01-16', 'OLIVA', 25, NULL),
(1333, '020058793', 5, '01:19:54', '2010-01-16', 'OLIVA', 25, NULL),
(1334, '020058793', 9, '01:26:27', '2007-12-22', 'GANDIA', 25, NULL),
(1335, '020058793', 14, '02:42:62', '2010-05-22', 'PILAR DE LA HORADADA', 25, NULL),
(1336, '020058793', 14, '02:52:70', '2008-11-09', 'GANDIA', 25, NULL),
(1337, '020058793', 16, '06:27:53', '2007-11-25', 'VALENCIA', 25, NULL),
(1436, '020059064', 4, '00:26:18', '2010-12-18', 'CASTELLN', 25, NULL),
(1437, '020059064', 4, '00:26:30', '2010-12-11', 'GANDIA', 25, NULL),
(1438, '020059064', 4, '00:27:13', '2011-02-12', 'GANDIA', 25, NULL),
(1439, '020059064', 4, '00:27:29', '2010-10-30', 'GANDIA', 25, NULL),
(1440, '020059064', 4, '00:27:60', '2010-12-19', 'CASTELLN', 25, NULL),
(1441, '020059064', 4, '00:27:64', '2009-10-31', 'GANDIA', 25, NULL),
(1442, '020059064', 4, '00:27:68', '2010-12-11', 'GANDIA', 25, NULL),
(1443, '020059064', 4, '00:27:83', '2011-06-04', 'GANDIA', 25, NULL),
(1444, '020059064', 4, '00:27:98', '2010-11-27', 'GANDIA', 25, NULL),
(1445, '020059064', 4, '00:28:01', '2010-03-13', 'GANDIA', 25, NULL),
(1446, '020059064', 4, '00:28:13', '2010-03-13', 'GANDIA', 25, NULL),
(1447, '020059064', 4, '00:28:20', '2011-02-13', 'GANDIA', 25, NULL),
(1448, '020059064', 4, '00:28:41', '2010-02-13', 'SAGUNTO', 25, NULL),
(1449, '020059064', 4, '00:28:65', '2010-06-05', 'GANDIA', 25, NULL),
(1450, '020059064', 4, '00:28:69', '2011-06-04', 'GANDIA', 25, NULL),
(1451, '020059064', 4, '00:28:77', '2011-02-12', 'GANDIA', 25, NULL),
(1452, '020059064', 4, '00:28:77', '2009-10-31', 'GANDIA', 25, NULL),
(1453, '020059064', 4, '00:28:83', '2011-02-12', 'GANDIA', 25, NULL),
(1454, '020059064', 4, '00:28:90', '2011-03-06', 'VALENCIA', 25, NULL),
(1455, '020059064', 4, '00:28:92', '2011-03-20', 'SABADELL', 25, NULL),
(1456, '020059064', 4, '00:29:02', '2009-04-18', 'GANDIA', 25, NULL),
(1457, '020059064', 4, '00:29:19', '2010-03-14', 'GANDIA', 25, NULL),
(1458, '020059064', 4, '00:29:52', '2010-03-13', 'GANDIA', 25, NULL),
(1459, '020059064', 4, '00:29:61', '2011-03-18', 'SABADELL', 25, NULL),
(1460, '020059064', 4, '00:29:62', '2011-02-25', 'PALMA M.', 25, NULL),
(1461, '020059064', 4, '00:29:70', '2010-10-24', 'SAGUNTO', 25, NULL),
(1462, '020059064', 4, '00:29:71', '2011-02-13', 'GANDIA', 25, NULL),
(1463, '020059064', 4, '00:29:72', '2010-12-19', 'CASTELLN', 25, NULL),
(1464, '020059064', 4, '00:29:78', '2010-03-13', 'GANDIA', 25, NULL),
(1465, '020059064', 4, '00:29:78', '2010-12-18', 'CASTELLN', 25, NULL),
(1466, '020059064', 4, '00:29:78', '2009-11-15', 'GANDIA', 25, NULL),
(1467, '020059064', 4, '00:29:85', '2008-12-06', 'GANDIA', 25, NULL),
(1468, '020059064', 4, '00:29:88', '2010-11-27', 'GANDIA', 25, NULL),
(1469, '020059064', 4, '00:29:93', '2009-12-20', 'VALENCIA', 25, NULL),
(1470, '020059064', 4, '00:30:01', '2010-12-18', 'CASTELLN', 25, NULL),
(1471, '020059064', 4, '00:30:03', '2009-04-18', 'GANDIA', 25, NULL),
(1472, '020059064', 4, '00:30:04', '2011-03-05', 'VALENCIA', 25, NULL),
(1473, '020059064', 4, '00:30:09', '2009-11-14', 'GANDIA', 25, NULL),
(1474, '020059064', 4, '00:30:12', '2009-03-08', 'GANDIA', 25, NULL),
(1475, '020059064', 4, '00:30:21', '2009-12-19', 'VALENCIA', 25, NULL),
(1476, '020059064', 4, '00:30:33', '2009-05-30', 'GANDIA', 25, NULL),
(1477, '020059064', 4, '00:30:46', '2010-06-05', 'GANDIA', 25, NULL),
(1478, '020059064', 4, '00:30:48', '2010-03-28', 'MADRID', 25, NULL),
(1479, '020059064', 4, '00:30:56', '2010-03-26', 'MADRID', 25, NULL),
(1480, '020059064', 4, '00:30:81', '2010-05-08', 'GANDIA', 25, NULL),
(1481, '020059064', 4, '00:30:86', '2011-06-05', 'GANDIA', 25, NULL),
(1482, '020059064', 4, '00:30:92', '2009-12-05', 'GANDIA', 25, NULL),
(1483, '020059064', 4, '00:31:06', '2011-01-22', 'GANDIA', 25, NULL),
(1484, '020059064', 4, '00:31:11', '2009-03-07', 'GANDIA', 25, NULL),
(1485, '020059064', 4, '00:31:19', '2010-11-28', 'GANDIA', 25, NULL),
(1486, '020059064', 4, '00:31:39', '2010-02-13', 'SAGUNTO', 25, NULL),
(1487, '020059064', 4, '00:31:50', '2010-07-16', 'PALMA M.', 25, NULL),
(1488, '020059064', 4, '00:31:60', '2008-10-25', 'GANDIA', 25, NULL),
(1489, '020059064', 4, '00:31:65', '2010-03-14', 'GANDIA', 25, NULL),
(1490, '020059064', 4, '00:31:70', '2009-12-19', 'VALENCIA', 25, NULL),
(1491, '020059064', 4, '00:31:74', '2009-12-20', 'VALENCIA', 25, NULL),
(1492, '020059064', 4, '00:31:93', '2010-06-05', 'GANDIA', 25, NULL),
(1493, '020059064', 4, '00:31:98', '2009-07-28', 'BARCELONA', 25, NULL),
(1494, '020059064', 4, '00:32:19', '2008-12-06', 'GANDIA', 25, NULL),
(1495, '020059064', 4, '00:32:26', '2009-05-31', 'GANDIA', 25, NULL),
(1496, '020059064', 4, '00:32:29', '2011-02-26', 'PALMA M.', 25, NULL),
(1497, '020059064', 4, '00:32:33', '2008-11-08', 'GANDIA', 25, NULL),
(1498, '020059064', 4, '00:32:41', '2008-11-15', 'CASTELLON', 25, NULL),
(1499, '020059064', 4, '00:32:43', '2008-11-09', 'GANDIA', 25, NULL),
(1500, '020059064', 4, '00:32:47', '2008-05-10', 'GANDIA-MISLATA', 25, NULL),
(1501, '020059064', 4, '00:32:52', '2007-12-01', 'GANDIA', 25, NULL),
(1502, '020059064', 4, '00:32:52', '2009-05-30', 'GANDIA', 25, NULL),
(1503, '020059064', 4, '00:32:63', '2008-11-16', 'CASTELLON', 25, NULL),
(1504, '020059064', 4, '00:32:75', '2010-07-14', 'PALMA M.', 25, NULL),
(1505, '020059064', 4, '00:33:05', '2009-01-17', 'VALENCIA', 25, NULL),
(1506, '020059064', 4, '00:33:56', '2008-05-24', 'GANDIA', 25, NULL),
(1507, '020059064', 4, '00:33:76', '2008-06-07', 'GANDIA-MISLATA', 25, NULL),
(1508, '020059064', 4, '00:33:83', '2006-04-23', 'GANDIA', 25, NULL),
(1509, '020059064', 4, '00:34:02', '2007-06-02', 'GANDIA', 25, NULL),
(1510, '020059064', 4, '00:34:13', '2008-04-19', 'GANDIA', 25, NULL),
(1511, '020059064', 4, '00:34:31', '2008-04-12', 'GANDIA', 25, NULL),
(1512, '020059064', 4, '00:34:40', '2008-11-16', 'CASTELLON', 25, NULL),
(1513, '020059064', 4, '00:34:67', '2007-05-26', 'GANDIA', 25, NULL),
(1514, '020059064', 4, '00:34:81', '2008-05-25', 'GANDIA', 25, NULL),
(1515, '020059064', 4, '00:34:85', '2008-02-03', 'MISLATA', 25, NULL),
(1516, '020059064', 4, '00:34:85', '2008-05-24', 'GANDIA', 25, NULL),
(1517, '020059064', 4, '00:34:94', '2008-03-09', 'XIRIVELLA', 25, NULL),
(1518, '020059064', 4, '00:35:19', '2007-06-02', 'GANDIA', 25, NULL),
(1519, '020059064', 4, '00:35:37', '2006-06-04', 'XIRIVELLA', 25, NULL),
(1520, '020059064', 4, '00:35:37', '2006-06-04', 'XIRIVELLA', 25, NULL),
(1521, '020059064', 4, '00:35:38', '2007-01-21', 'XIRIVELLA', 25, NULL),
(1522, '020059064', 4, '00:35:46', '2008-07-09', 'MERIDA', 25, NULL),
(1523, '020059064', 4, '00:35:50', '2007-02-18', 'XIRIVELLA', 25, NULL),
(1524, '020059064', 4, '00:35:53', '2006-10-28', 'GANDIA', 25, NULL),
(1525, '020059064', 4, '00:35:62', '2006-03-05', 'BETERA', 25, NULL),
(1526, '020059064', 4, '00:35:89', '2007-11-24', 'VALENCIA', 25, NULL),
(1527, '020059064', 4, '00:36:69', '2005-06-04', 'GANDIA', 25, NULL),
(1528, '020059064', 4, '00:37:21', '2007-04-28', 'GANDIA', 25, NULL),
(1529, '020059064', 4, '00:37:38', '2006-05-13', 'RIVAS VACIAMADRID', 25, NULL),
(1530, '020059064', 4, '00:37:38', '2006-05-13', 'RIVAS VACIAMADRID', 25, NULL),
(1531, '020059064', 4, '00:37:57', '2006-01-14', 'GANDIA', 25, NULL),
(1532, '020059064', 4, '00:37:74', '2006-05-27', 'GANDIA', 25, NULL),
(1533, '020059064', 4, '00:37:74', '2006-05-27', 'GANDIA', 25, NULL),
(1534, '020059064', 4, '00:38:18', '2005-12-04', 'VALENCIA', 25, NULL),
(1535, '020059064', 4, '00:38:34', '2005-10-29', 'GANDIA', 25, NULL),
(1536, '020059064', 4, '00:39:04', '2006-04-08', 'GANDIA', 25, NULL),
(1537, '020059064', 4, '00:39:92', '2005-03-12', 'GANDIA', 25, NULL),
(1538, '020059064', 4, '00:42:85', '2004-11-13', 'GANDIA', 25, NULL),
(1539, '020059064', 4, '00:44:59', '2005-04-17', 'VALENCIA', 25, NULL),
(1540, '020059064', 8, '00:56:10', '2011-02-12', 'GANDIA', 25, NULL),
(1541, '020059064', 8, '00:56:70', '2010-10-30', 'GANDIA', 25, NULL),
(1542, '020059064', 8, '00:57:74', '2010-11-27', 'GANDIA', 25, NULL),
(1543, '020059064', 8, '00:57:97', '2010-03-13', 'GANDIA', 25, NULL),
(1544, '020059064', 8, '00:58:09', '2010-12-11', 'GANDIA', 25, NULL),
(1545, '020059064', 8, '00:58:20', '2010-03-13', 'GANDIA', 25, NULL),
(1546, '020059064', 8, '00:58:24', '2011-06-04', 'GANDIA', 25, NULL),
(1547, '020059064', 8, '00:58:34', '2010-12-19', 'CASTELLN', 25, NULL),
(1548, '020059064', 8, '00:58:80', '2010-02-13', 'SAGUNTO', 25, NULL),
(1549, '020059064', 8, '00:59:11', '2009-10-31', 'GANDIA', 25, NULL),
(1550, '020059064', 8, '00:59:50', '2011-02-13', 'GANDIA', 25, NULL),
(1551, '020059064', 8, '00:59:65', '2011-02-12', 'GANDIA', 25, NULL),
(1552, '020059064', 8, '00:59:77', '2011-06-04', 'GANDIA', 25, NULL),
(1553, '020059064', 8, '00:59:90', '2011-03-06', 'VALENCIA', 25, NULL),
(1554, '020059064', 8, '00:59:91', '2011-02-12', 'GANDIA', 25, NULL),
(1555, '020059064', 8, '00:59:99', '2010-07-24', 'ELDA', 25, NULL),
(1556, '020059064', 8, '01:00:00', '2010-06-05', 'GANDIA', 25, NULL),
(1557, '020059064', 8, '01:00:56', '2011-03-20', 'SABADELL', 25, NULL),
(1558, '020059064', 8, '01:01:81', '2009-04-18', 'GANDIA', 25, NULL),
(1559, '020059064', 8, '01:01:85', '2010-03-14', 'GANDIA', 25, NULL),
(1560, '020059064', 8, '01:01:85', '2010-03-13', 'GANDIA', 25, NULL),
(1561, '020059064', 8, '01:01:89', '2010-12-18', 'CASTELLN', 25, NULL),
(1562, '020059064', 8, '01:01:91', '2011-03-18', 'SABADELL', 25, NULL),
(1563, '020059064', 8, '01:01:93', '2010-12-19', 'CASTELLN', 25, NULL),
(1564, '020059064', 8, '01:02:07', '2010-11-27', 'GANDIA', 25, NULL),
(1565, '020059064', 8, '01:02:31', '2011-03-05', 'VALENCIA', 25, NULL),
(1566, '020059064', 8, '01:02:32', '2011-02-13', 'GANDIA', 25, NULL),
(1567, '020059064', 8, '01:02:36', '2010-10-24', 'SAGUNTO', 25, NULL),
(1568, '020059064', 8, '01:02:51', '2009-12-20', 'VALENCIA', 25, NULL),
(1569, '020059064', 8, '01:02:57', '2010-03-13', 'GANDIA', 25, NULL),
(1570, '020059064', 8, '01:02:59', '2011-02-25', 'PALMA M.', 25, NULL),
(1571, '020059064', 8, '01:02:69', '2009-11-15', 'GANDIA', 25, NULL),
(1572, '020059064', 8, '01:02:80', '2009-07-04', 'POLIDEPORTIVO VILLENA', 25, NULL),
(1573, '020059064', 8, '01:02:80', '2009-07-04', 'POLIDEPORTIVO VILLENA', 25, NULL),
(1574, '020059064', 8, '01:02:84', '2010-12-18', 'CASTELLN', 25, NULL),
(1575, '020059064', 8, '01:02:98', '2010-05-08', 'GANDIA', 25, NULL),
(1576, '020059064', 8, '01:03:01', '2010-03-07', 'ESPERANZA LAG', 25, NULL),
(1577, '020059064', 8, '01:03:15', '2010-06-05', 'GANDIA', 25, NULL),
(1578, '020059064', 8, '01:03:31', '2009-12-19', 'VALENCIA', 25, NULL),
(1579, '020059064', 8, '01:03:33', '2009-11-14', 'GANDIA', 25, NULL),
(1580, '020059064', 8, '01:03:55', '2009-03-08', 'GANDIA', 25, NULL),
(1581, '020059064', 8, '01:03:57', '2009-05-30', 'GANDIA', 25, NULL),
(1582, '020059064', 8, '01:03:69', '2009-07-12', 'MISLATA', 25, NULL),
(1583, '020059064', 8, '01:03:86', '2010-03-28', 'MADRID', 25, NULL),
(1584, '020059064', 8, '01:03:91', '2010-07-24', 'ELDA', 25, NULL),
(1585, '020059064', 8, '01:04:20', '2011-06-05', 'GANDIA', 25, NULL),
(1586, '020059064', 8, '01:04:57', '2010-07-24', 'ELDA', 25, NULL),
(1587, '020059064', 8, '01:04:60', '2010-03-26', 'MADRID', 25, NULL),
(1588, '020059064', 8, '01:04:77', '2009-03-07', 'GANDIA', 25, NULL),
(1589, '020059064', 8, '01:04:86', '2009-12-05', 'GANDIA', 25, NULL),
(1590, '020059064', 8, '01:04:94', '2011-01-22', 'GANDIA', 25, NULL),
(1591, '020059064', 8, '01:05:53', '2009-12-20', 'VALENCIA', 25, NULL),
(1592, '020059064', 8, '01:05:56', '2008-10-25', 'GANDIA', 25, NULL),
(1593, '020059064', 8, '01:05:63', '2010-07-25', 'ELDA', 25, NULL),
(1594, '020059064', 8, '01:05:65', '2010-07-16', 'PALMA M.', 25, NULL),
(1595, '020059064', 8, '01:05:92', '2010-11-28', 'GANDIA', 25, NULL),
(1596, '020059064', 8, '01:05:95', '2009-07-12', 'MISLATA', 25, NULL),
(1597, '020059064', 8, '01:06:20', '2009-06-20', 'CATARROJA', 25, NULL),
(1598, '020059064', 8, '01:06:21', '2010-02-13', 'SAGUNTO', 25, NULL),
(1599, '020059064', 8, '01:06:24', '2008-05-10', 'GANDIA-MISLATA', 25, NULL),
(1600, '020059064', 8, '01:06:39', '2010-06-05', 'GANDIA', 25, NULL),
(1601, '020059064', 8, '01:06:49', '2009-12-19', 'VALENCIA', 25, NULL),
(1602, '020059064', 8, '01:06:52', '2010-07-25', 'ELDA', 25, NULL),
(1603, '020059064', 8, '01:06:78', '2009-07-13', 'MISLATA', 25, NULL),
(1604, '020059064', 8, '01:06:86', '2010-03-14', 'GANDIA', 25, NULL),
(1605, '020059064', 8, '01:06:99', '2007-12-16', 'ALZIRA', 25, NULL),
(1606, '020059064', 8, '01:07:10', '2009-07-12', 'MISLATA', 25, NULL),
(1607, '020059064', 8, '01:07:41', '2008-12-06', 'GANDIA', 25, NULL),
(1608, '020059064', 8, '01:07:41', '2009-05-30', 'GANDIA', 25, NULL),
(1609, '020059064', 8, '01:07:55', '2009-07-28', 'BARCELONA', 25, NULL),
(1610, '020059064', 8, '01:07:79', '2008-06-22', 'MISLATA', 25, NULL),
(1611, '020059064', 8, '01:07:80', '2009-05-31', 'GANDIA', 25, NULL),
(1612, '020059064', 8, '01:07:93', '2008-11-15', 'CASTELLON', 25, NULL),
(1613, '020059064', 8, '01:07:95', '2011-02-26', 'PALMA M.', 25, NULL),
(1614, '020059064', 8, '01:07:98', '2008-11-09', 'GANDIA', 25, NULL),
(1615, '020059064', 8, '01:08:03', '2007-12-01', 'GANDIA', 25, NULL),
(1616, '020059064', 8, '01:08:06', '2008-11-08', 'GANDIA', 25, NULL),
(1617, '020059064', 8, '01:08:30', '2010-07-14', 'PALMA M.', 25, NULL),
(1618, '020059064', 8, '01:08:33', '2008-11-16', 'CASTELLON', 25, NULL),
(1619, '020059064', 8, '01:08:44', '2009-07-26', 'BARCELONA', 25, NULL),
(1620, '020059064', 8, '01:08:57', '2007-11-17', 'GANDIA', 25, NULL),
(1621, '020059064', 8, '01:08:75', '2009-07-13', 'MISLATA', 25, NULL),
(1622, '020059064', 8, '01:08:77', '2009-01-17', 'VALENCIA', 25, NULL),
(1623, '020059064', 8, '01:09:00', '2008-02-23', 'ELCHE', 25, NULL),
(1624, '020059064', 8, '01:09:00', '2008-05-31', 'PISCINA MURCIA PARQUE', 25, NULL),
(1625, '020059064', 8, '01:09:26', '2009-02-07', 'PABELLON ESPERANZA LAG', 25, NULL),
(1626, '020059064', 8, '01:09:58', '2007-07-08', 'XIRIVELLA', 25, NULL),
(1627, '020059064', 8, '01:09:72', '2007-12-16', 'ALZIRA', 25, NULL),
(1628, '020059064', 8, '01:09:99', '2007-07-08', 'XIRIVELLA', 25, NULL),
(1629, '020059064', 8, '01:10:02', '2008-05-24', 'GANDIA', 25, NULL),
(1630, '020059064', 8, '01:10:17', '2007-06-30', 'VILLENA', 25, NULL),
(1631, '020059064', 8, '01:10:92', '2007-06-02', 'GANDIA', 25, NULL),
(1632, '020059064', 8, '01:11:00', '2007-06-10', 'BURJASSOT', 25, NULL),
(1633, '020059064', 8, '01:11:07', '2008-06-07', 'GANDIA-MISLATA', 25, NULL),
(1634, '020059064', 8, '01:11:10', '2008-06-21', 'MISLATA', 25, NULL),
(1635, '020059064', 8, '01:11:29', '2008-06-21', 'MISLATA', 25, NULL),
(1636, '020059064', 8, '01:11:39', '2008-04-19', 'GANDIA', 25, NULL),
(1637, '020059064', 8, '01:11:59', '2008-05-31', 'PISCINA MURCIA PARQUE', 25, NULL),
(1638, '020059064', 8, '01:11:63', '2008-04-12', 'GANDIA', 25, NULL),
(1639, '020059064', 8, '01:12:01', '2008-11-16', 'CASTELLON', 25, NULL),
(1640, '020059064', 8, '01:12:08', '2007-03-24', 'ELCHE', 25, NULL),
(1641, '020059064', 8, '01:12:10', '2008-05-24', 'GANDIA', 25, NULL),
(1642, '020059064', 8, '01:12:16', '2008-05-25', 'GANDIA', 25, NULL),
(1643, '020059064', 8, '01:12:78', '2007-05-26', 'GANDIA', 25, NULL),
(1644, '020059064', 8, '01:13:04', '2008-06-22', 'MISLATA', 25, NULL),
(1645, '020059064', 8, '01:13:06', '2007-06-02', 'GANDIA', 25, NULL),
(1646, '020059064', 8, '01:13:41', '2007-01-21', 'XIRIVELLA', 25, NULL),
(1647, '020059064', 8, '01:13:45', '2007-07-07', 'XIRIVELLA', 25, NULL),
(1648, '020059064', 8, '01:13:49', '2008-03-09', 'XIRIVELLA', 25, NULL),
(1649, '020059064', 8, '01:13:53', '2008-02-03', 'MISLATA', 25, NULL),
(1650, '020059064', 8, '01:13:87', '2007-06-09', 'BURJASSOT', 25, NULL),
(1651, '020059064', 8, '01:13:88', '2008-07-09', 'MERIDA', 25, NULL),
(1652, '020059064', 8, '01:13:95', '2008-02-23', 'ELCHE', 25, NULL),
(1653, '020059064', 8, '01:14:09', '2006-06-17', 'ELCHE', 25, NULL),
(1654, '020059064', 8, '01:14:09', '2006-06-17', 'ELCHE', 25, NULL),
(1655, '020059064', 8, '01:14:77', '2007-02-18', 'XIRIVELLA', 25, NULL),
(1656, '020059064', 8, '01:14:94', '2006-05-13', 'RIVAS VACIAMADRID', 25, NULL),
(1657, '020059064', 8, '01:14:94', '2006-05-13', 'RIVAS VACIAMADRID', 25, NULL),
(1658, '020059064', 8, '01:17:38', '2007-04-28', 'GANDIA', 25, NULL),
(1659, '020059064', 8, '01:17:66', '2005-12-04', 'VALENCIA', 25, NULL),
(1660, '020059064', 8, '01:18:66', '2006-01-14', 'GANDIA', 25, NULL),
(1661, '020059064', 8, '01:19:27', '2006-05-27', 'GANDIA', 25, NULL),
(1662, '020059064', 8, '01:19:27', '2006-05-27', 'GANDIA', 25, NULL),
(1663, '020059064', 8, '01:19:93', '2005-10-29', 'GANDIA', 25, NULL),
(1664, '020059064', 8, '01:22:48', '2006-04-08', 'GANDIA', 25, NULL),
(1665, '020059064', 8, '01:24:00', '2005-03-12', 'GANDIA', 25, NULL),
(1666, '020059064', 8, '01:31:54', '2006-10-28', 'GANDIA', 25, NULL),
(1667, '020059064', 8, '01:33:94', '2005-04-17', 'VALENCIA', 25, NULL),
(1668, '020059064', 13, '02:00:47', '2011-06-04', 'GANDIA', 25, NULL),
(1669, '020059064', 13, '02:01:78', '2011-02-13', 'GANDIA', 25, NULL),
(1670, '020059064', 13, '02:02:33', '2010-12-11', 'GANDIA', 25, NULL),
(1671, '020059064', 13, '02:03:08', '2011-02-12', 'GANDIA', 25, NULL),
(1672, '020059064', 13, '02:03:49', '2010-12-19', 'CASTELLN', 25, NULL),
(1673, '020059064', 13, '02:04:24', '2011-03-06', 'VALENCIA', 25, NULL),
(1674, '020059064', 13, '02:04:43', '2011-02-12', 'GANDIA', 25, NULL),
(1675, '020059064', 13, '02:04:65', '2010-12-18', 'CASTELLN', 25, NULL),
(1676, '020059064', 13, '02:04:70', '2010-06-05', 'GANDIA', 25, NULL),
(1677, '020059064', 13, '02:05:06', '2011-06-04', 'GANDIA', 25, NULL),
(1678, '020059064', 13, '02:05:89', '2011-03-20', 'SABADELL', 25, NULL),
(1679, '020059064', 13, '02:06:02', '2010-03-13', 'GANDIA', 25, NULL),
(1680, '020059064', 13, '02:07:63', '2010-03-14', 'GANDIA', 25, NULL),
(1681, '020059064', 13, '02:07:71', '2010-05-08', 'GANDIA', 25, NULL),
(1682, '020059064', 13, '02:07:78', '2010-12-19', 'CASTELLN', 25, NULL),
(1683, '020059064', 13, '02:07:95', '2011-03-05', 'VALENCIA', 25, NULL),
(1684, '020059064', 13, '02:08:06', '2011-03-18', 'SABADELL', 25, NULL),
(1685, '020059064', 13, '02:08:44', '2010-11-27', 'GANDIA', 25, NULL),
(1686, '020059064', 13, '02:09:16', '2009-11-15', 'GANDIA', 25, NULL),
(1687, '020059064', 13, '02:09:17', '2010-10-24', 'SAGUNTO', 25, NULL),
(1688, '020059064', 13, '02:09:30', '2011-02-13', 'GANDIA', 25, NULL),
(1689, '020059064', 13, '02:09:36', '2009-12-20', 'VALENCIA', 25, NULL),
(1690, '020059064', 13, '02:10:39', '2010-12-18', 'CASTELLN', 25, NULL),
(1691, '020059064', 13, '02:10:59', '2010-06-05', 'GANDIA', 25, NULL),
(1692, '020059064', 13, '02:10:95', '2010-03-07', 'ESPERANZA LAG', 25, NULL),
(1693, '020059064', 13, '02:10:99', '2010-03-13', 'GANDIA', 25, NULL),
(1694, '020059064', 13, '02:11:50', '2009-12-19', 'VALENCIA', 25, NULL),
(1695, '020059064', 13, '02:11:71', '2011-06-05', 'GANDIA', 25, NULL),
(1696, '020059064', 13, '02:12:16', '2011-02-25', 'PALMA M.', 25, NULL),
(1697, '020059064', 13, '02:12:19', '2009-03-08', 'GANDIA', 25, NULL),
(1698, '020059064', 13, '02:12:37', '2010-07-24', 'ELDA', 25, NULL),
(1699, '020059064', 13, '02:12:53', '2009-05-30', 'GANDIA', 25, NULL),
(1700, '020059064', 13, '02:13:09', '2010-03-28', 'MADRID', 25, NULL),
(1701, '020059064', 13, '02:13:27', '2009-11-14', 'GANDIA', 25, NULL),
(1702, '020059064', 13, '02:14:28', '2011-01-22', 'GANDIA', 25, NULL),
(1703, '020059064', 13, '02:14:39', '2010-07-24', 'ELDA', 25, NULL),
(1704, '020059064', 13, '02:14:57', '2009-12-20', 'VALENCIA', 25, NULL),
(1705, '020059064', 13, '02:14:77', '2010-07-25', 'ELDA', 25, NULL),
(1706, '020059064', 13, '02:14:84', '2009-06-20', 'CATARROJA', 25, NULL),
(1707, '020059064', 13, '02:14:86', '2010-03-26', 'MADRID', 25, NULL),
(1708, '020059064', 13, '02:15:24', '2009-07-12', 'MISLATA', 25, NULL),
(1709, '020059064', 13, '02:15:43', '2009-03-07', 'GANDIA', 25, NULL),
(1710, '020059064', 13, '02:15:82', '2010-07-16', 'PALMA M.', 25, NULL),
(1711, '020059064', 13, '02:15:93', '2010-11-28', 'GANDIA', 25, NULL),
(1712, '020059064', 13, '02:15:95', '2010-06-05', 'GANDIA', 25, NULL),
(1713, '020059064', 13, '02:16:18', '2009-12-05', 'GANDIA', 25, NULL),
(1714, '020059064', 13, '02:16:82', '2010-03-14', 'GANDIA', 25, NULL),
(1715, '020059064', 13, '02:17:00', '2009-07-13', 'MISLATA', 25, NULL),
(1716, '020059064', 13, '02:17:34', '2010-02-13', 'SAGUNTO', 25, NULL),
(1717, '020059064', 13, '02:18:05', '2010-07-25', 'ELDA', 25, NULL),
(1718, '020059064', 13, '02:18:67', '2008-11-09', 'GANDIA', 25, NULL),
(1719, '020059064', 13, '02:18:85', '2009-12-19', 'VALENCIA', 25, NULL),
(1720, '020059064', 13, '02:18:90', '2009-05-30', 'GANDIA', 25, NULL),
(1721, '020059064', 13, '02:18:95', '2008-12-06', 'GANDIA', 25, NULL),
(1722, '020059064', 13, '02:19:04', '2011-02-26', 'PALMA M.', 25, NULL),
(1723, '020059064', 13, '02:19:58', '2009-05-31', 'GANDIA', 25, NULL),
(1724, '020059064', 13, '02:19:68', '2009-07-12', 'MISLATA', 25, NULL),
(1725, '020059064', 13, '02:19:87', '2010-07-14', 'PALMA M.', 25, NULL),
(1726, '020059064', 13, '02:20:46', '2008-11-16', 'CASTELLON', 25, NULL),
(1727, '020059064', 13, '02:20:61', '2009-07-28', 'BARCELONA', 25, NULL),
(1728, '020059064', 13, '02:21:53', '2009-01-17', 'VALENCIA', 25, NULL),
(1729, '020059064', 13, '02:21:59', '2008-11-08', 'GANDIA', 25, NULL),
(1730, '020059064', 13, '02:21:68', '2008-11-15', 'CASTELLON', 25, NULL),
(1731, '020059064', 13, '02:22:49', '2009-07-13', 'MISLATA', 25, NULL),
(1732, '020059064', 13, '02:22:55', '2009-07-26', 'BARCELONA', 25, NULL),
(1733, '020059064', 13, '02:22:80', '2008-05-24', 'GANDIA', 25, NULL),
(1734, '020059064', 13, '02:23:26', '2009-02-07', 'PABELLON ESPERANZA LAG', 25, NULL),
(1735, '020059064', 13, '02:23:47', '2007-12-16', 'ALZIRA', 25, NULL),
(1736, '020059064', 13, '02:26:60', '2008-06-21', 'MISLATA', 25, NULL),
(1737, '020059064', 13, '02:27:12', '2008-06-21', 'MISLATA', 25, NULL),
(1738, '020059064', 13, '02:27:47', '2008-04-12', 'GANDIA', 25, NULL),
(1739, '020059064', 13, '02:27:56', '2008-06-07', 'GANDIA-MISLATA', 25, NULL),
(1740, '020059064', 13, '02:27:94', '2008-05-25', 'GANDIA', 25, NULL),
(1741, '020059064', 13, '02:27:97', '2008-04-19', 'GANDIA', 25, NULL),
(1742, '020059064', 13, '02:28:03', '2008-05-31', 'PISCINA MURCIA PARQUE', 25, NULL),
(1743, '020059064', 13, '02:28:60', '2008-11-16', 'CASTELLON', 25, NULL),
(1744, '020059064', 13, '02:29:10', '2008-05-24', 'GANDIA', 25, NULL),
(1745, '020059064', 13, '02:30:40', '2007-05-26', 'GANDIA', 25, NULL),
(1746, '020059064', 13, '02:31:32', '2007-01-21', 'XIRIVELLA', 25, NULL),
(1747, '020059064', 13, '02:32:04', '2008-02-23', 'ELCHE', 25, NULL),
(1748, '020059064', 13, '02:32:28', '2008-02-03', 'MISLATA', 25, NULL),
(1749, '020059064', 13, '02:32:40', '2008-06-22', 'MISLATA', 25, NULL),
(1750, '020059064', 13, '02:32:53', '2007-06-02', 'GANDIA', 25, NULL),
(1751, '020059064', 13, '02:33:20', '2008-03-09', 'XIRIVELLA', 25, NULL),
(1752, '020059064', 13, '02:33:23', '2008-07-09', 'MERIDA', 25, NULL),
(1753, '020059064', 13, '02:33:38', '2007-07-07', 'XIRIVELLA', 25, NULL),
(1754, '020059064', 13, '02:34:24', '2007-11-24', 'VALENCIA', 25, NULL),
(1755, '020059064', 13, '02:35:02', '2007-02-18', 'XIRIVELLA', 25, NULL),
(1756, '020059064', 13, '02:35:79', '2007-06-09', 'BURJASSOT', 25, NULL),
(1757, '020059064', 13, '02:38:79', '2007-04-28', 'GANDIA', 25, NULL),
(1758, '020059064', 13, '02:42:57', '2006-01-14', 'GANDIA', 25, NULL),
(1759, '020059064', 13, '02:44:94', '2006-05-27', 'GANDIA', 25, NULL),
(1760, '020059064', 13, '02:44:94', '2006-05-27', 'GANDIA', 25, NULL),
(1761, '020059064', 13, '02:53:00', '2006-04-08', 'GANDIA', 25, NULL),
(1762, '020059064', 13, '03:14:38', '2005-04-17', 'VALENCIA', 25, NULL),
(1763, '020059064', 15, '04:13:71', '2011-02-12', 'GANDIA', 25, NULL),
(1764, '020059064', 15, '04:15:74', '2011-06-04', 'GANDIA', 25, NULL),
(1765, '020059064', 15, '04:18:75', '2010-12-19', 'CASTELLN', 25, NULL),
(1766, '020059064', 15, '04:20:91', '2010-11-27', 'GANDIA', 25, NULL),
(1767, '020059064', 15, '04:21:76', '2011-03-05', 'VALENCIA', 25, NULL),
(1768, '020059064', 15, '04:21:97', '2011-03-20', 'SABADELL', 25, NULL),
(1769, '020059064', 15, '04:22:20', '2011-03-18', 'SABADELL', 25, NULL),
(1770, '020059064', 15, '04:24:61', '2010-06-05', 'GANDIA', 25, NULL),
(1771, '020059064', 15, '04:24:67', '2011-02-13', 'GANDIA', 25, NULL),
(1772, '020059064', 15, '04:25:70', '2010-10-24', 'SAGUNTO', 25, NULL),
(1773, '020059064', 15, '04:25:85', '2010-03-13', 'GANDIA', 25, NULL),
(1774, '020059064', 15, '04:25:93', '2010-12-18', 'CASTELLN', 25, NULL),
(1775, '020059064', 15, '04:27:53', '2011-06-05', 'GANDIA', 25, NULL),
(1776, '020059064', 15, '04:31:58', '2009-12-20', 'VALENCIA', 25, NULL),
(1777, '020059064', 15, '04:31:66', '2011-01-22', 'GANDIA', 25, NULL),
(1778, '020059064', 15, '04:32:09', '2009-11-14', 'GANDIA', 25, NULL),
(1779, '020059064', 15, '04:32:77', '2010-03-28', 'MADRID', 25, NULL),
(1780, '020059064', 15, '04:33:23', '2010-07-24', 'ELDA', 25, NULL),
(1781, '020059064', 15, '04:34:82', '2011-02-25', 'PALMA M.', 25, NULL),
(1782, '020059064', 15, '04:35:12', '2010-11-28', 'GANDIA', 25, NULL),
(1783, '020059064', 15, '04:35:75', '2010-06-05', 'GANDIA', 25, NULL),
(1784, '020059064', 15, '04:37:63', '2010-02-13', 'SAGUNTO', 25, NULL),
(1785, '020059064', 15, '04:37:65', '2010-03-14', 'GANDIA', 25, NULL),
(1786, '020059064', 15, '04:37:87', '2010-07-16', 'PALMA M.', 25, NULL),
(1787, '020059064', 15, '04:37:98', '2009-03-07', 'GANDIA', 25, NULL),
(1788, '020059064', 15, '04:38:30', '2009-05-31', 'GANDIA', 25, NULL),
(1789, '020059064', 15, '04:38:94', '2010-03-26', 'MADRID', 25, NULL),
(1790, '020059064', 15, '04:40:37', '2009-12-05', 'GANDIA', 25, NULL),
(1791, '020059064', 15, '04:40:74', '2010-07-25', 'ELDA', 25, NULL),
(1792, '020059064', 15, '04:41:26', '2011-02-26', 'PALMA M.', 25, NULL),
(1793, '020059064', 15, '04:41:52', '2009-12-19', 'VALENCIA', 25, NULL),
(1794, '020059064', 15, '04:42:43', '2009-07-12', 'MISLATA', 25, NULL),
(1795, '020059064', 15, '04:42:46', '2009-05-30', 'GANDIA', 25, NULL),
(1796, '020059064', 15, '04:43:64', '2010-07-14', 'PALMA M.', 25, NULL),
(1797, '020059064', 15, '04:44:54', '2009-07-28', 'BARCELONA', 25, NULL),
(1798, '020059064', 15, '04:45:51', '2009-01-17', 'VALENCIA', 25, NULL),
(1799, '020059064', 15, '04:47:75', '2008-11-15', 'CASTELLON', 25, NULL),
(1800, '020059064', 15, '04:48:93', '2008-11-08', 'GANDIA', 25, NULL),
(1801, '020059064', 15, '04:49:77', '2009-07-13', 'MISLATA', 25, NULL),
(1802, '020059064', 15, '04:51:28', '2009-07-26', 'BARCELONA', 25, NULL),
(1803, '020059064', 15, '04:55:85', '2008-06-21', 'MISLATA', 25, NULL),
(1804, '020059064', 15, '04:56:68', '2008-05-25', 'GANDIA', 25, NULL),
(1805, '020059064', 15, '04:57:53', '2008-04-12', 'GANDIA', 25, NULL),
(1806, '020059064', 15, '04:57:80', '2008-04-19', 'GANDIA', 25, NULL),
(1807, '020059064', 15, '05:02:55', '2008-06-07', 'GANDIA-MISLATA', 25, NULL),
(1808, '020059064', 15, '05:02:71', '2008-11-16', 'CASTELLON', 25, NULL),
(1809, '020059064', 15, '05:04:75', '2008-02-03', 'MISLATA', 25, NULL),
(1810, '020059064', 15, '05:04:79', '2008-05-24', 'GANDIA', 25, NULL),
(1811, '020059064', 15, '05:10:87', '2007-11-24', 'VALENCIA', 25, NULL),
(1812, '020059064', 15, '05:12:00', '2007-06-02', 'GANDIA', 25, NULL),
(1813, '020059064', 15, '05:12:94', '2008-03-09', 'XIRIVELLA', 25, NULL),
(1814, '020059064', 15, '05:13:62', '2008-07-09', 'MERIDA', 25, NULL),
(1815, '020059064', 15, '05:14:88', '2008-06-22', 'MISLATA', 25, NULL),
(1816, '020059064', 15, '05:14:92', '2007-07-07', 'XIRIVELLA', 25, NULL),
(1817, '020059064', 15, '05:17:17', '2007-02-18', 'XIRIVELLA', 25, NULL),
(1818, '020059064', 15, '05:20:79', '2007-06-09', 'BURJASSOT', 25, NULL),
(1819, '020059064', 15, '05:23:99', '2007-04-28', 'GANDIA', 25, NULL),
(1820, '020059064', 15, '05:34:55', '2006-05-27', 'GANDIA', 25, NULL),
(1821, '020059064', 15, '05:34:55', '2006-05-27', 'GANDIA', 25, NULL),
(1822, '020059064', 15, '05:56:47', '2006-04-08', 'GANDIA', 25, NULL),
(1823, '020059064', 15, '06:17:37', '2005-04-17', 'VALENCIA', 25, NULL),
(1824, '020059064', 17, '08:54:04', '2011-03-18', 'SABADELL', 25, NULL),
(1825, '020059064', 17, '08:57:35', '2011-02-13', 'GANDIA', 25, NULL),
(1826, '020059064', 17, '09:00:75', '2011-06-05', 'GANDIA', 25, NULL),
(1827, '020059064', 17, '09:04:61', '2010-12-18', 'CASTELLN', 25, NULL),
(1828, '020059064', 17, '09:11:06', '2010-11-28', 'GANDIA', 25, NULL),
(1829, '020059064', 17, '09:13:89', '2010-06-05', 'GANDIA', 25, NULL),
(1830, '020059064', 17, '09:16:66', '2010-03-14', 'GANDIA', 25, NULL),
(1831, '020059064', 17, '09:17:13', '2010-02-13', 'SAGUNTO', 25, NULL),
(1832, '020059064', 17, '09:26:98', '2010-07-25', 'ELDA', 25, NULL),
(1833, '020059064', 17, '09:28:21', '2010-03-26', 'MADRID', 25, NULL),
(1834, '020059064', 17, '09:28:28', '2011-01-22', 'GANDIA', 25, NULL),
(1835, '020059064', 17, '09:29:26', '2009-12-05', 'GANDIA', 25, NULL),
(1836, '020059064', 17, '09:29:48', '2009-05-30', 'GANDIA', 25, NULL),
(1837, '020059064', 17, '09:29:68', '2011-02-26', 'PALMA M.', 25, NULL),
(1838, '020059064', 17, '09:36:95', '2010-07-14', 'PALMA M.', 25, NULL),
(1839, '020059064', 17, '09:45:04', '2009-07-13', 'MISLATA', 25, NULL),
(1840, '020059064', 17, '09:48:41', '2009-07-26', 'BARCELONA', 25, NULL),
(1841, '020059064', 17, '10:11:03', '2008-11-16', 'CASTELLON', 25, NULL),
(1842, '020059064', 17, '10:11:96', '2008-06-07', 'GANDIA-MISLATA', 25, NULL),
(1843, '020059064', 17, '10:15:90', '2008-05-24', 'GANDIA', 25, NULL),
(1844, '020059064', 17, '10:28:24', '2008-03-09', 'XIRIVELLA', 25, NULL),
(1845, '020059064', 17, '10:35:05', '2008-07-09', 'MERIDA', 25, NULL),
(1846, '020059064', 17, '10:36:60', '2009-12-19', 'VALENCIA', 25, NULL),
(1847, '020059064', 17, '10:41:85', '2008-06-22', 'MISLATA', 25, NULL),
(1848, '020059064', 17, '10:47:43', '2007-04-28', 'GANDIA', 25, NULL),
(1849, '020059064', 17, '11:53:34', '2006-04-08', 'GANDIA', 25, NULL),
(1850, '020059064', 18, '16:48:66', '2011-03-18', 'SABADELL', 25, NULL),
(1851, '020059064', 18, '16:48:77', '2011-02-13', 'GANDIA', 25, NULL),
(1852, '020059064', 18, '16:50:98', '2011-06-05', 'GANDIA', 25, NULL),
(1853, '020059064', 18, '17:04:31', '2010-12-18', 'CASTELLN', 25, NULL),
(1854, '020059064', 18, '17:06:06', '2011-01-22', 'GANDIA', 25, NULL),
(1855, '020059064', 18, '17:09:15', '2010-11-28', 'GANDIA', 25, NULL),
(1856, '020059064', 18, '17:13:11', '2010-06-05', 'GANDIA', 25, NULL),
(1857, '020059064', 18, '17:19:33', '2010-03-14', 'GANDIA', 25, NULL),
(1858, '020059064', 18, '17:19:60', '2010-02-13', 'SAGUNTO', 25, NULL),
(1859, '020059064', 18, '17:39:50', '2009-12-19', 'VALENCIA', 25, NULL),
(1860, '020059064', 18, '17:43:01', '2010-07-25', 'ELDA', 25, NULL),
(1861, '020059064', 18, '17:43:48', '2009-12-05', 'GANDIA', 25, NULL),
(1862, '020059064', 18, '17:47:01', '2009-05-30', 'GANDIA', 25, NULL),
(1863, '020059064', 18, '17:51:70', '2011-02-26', 'PALMA M.', 25, NULL),
(1864, '020059064', 18, '17:51:80', '2010-03-26', 'MADRID', 25, NULL),
(1865, '020059064', 18, '18:07:45', '2010-07-14', 'PALMA M.', 25, NULL),
(1866, '020059064', 18, '18:13:20', '2009-07-13', 'MISLATA', 25, NULL),
(1867, '020059064', 18, '18:15:76', '2009-07-26', 'BARCELONA', 25, NULL),
(1868, '020059064', 18, '18:51:28', '2008-11-16', 'CASTELLON', 25, NULL),
(1869, '020059064', 18, '18:59:96', '2008-06-07', 'GANDIA-MISLATA', 25, NULL),
(1870, '020059064', 18, '19:10:96', '2008-05-24', 'GANDIA', 25, NULL),
(1871, '020059064', 18, '19:30:96', '2008-03-09', 'XIRIVELLA', 25, NULL),
(1872, '020059064', 18, '19:40:53', '2008-07-09', 'MERIDA', 25, NULL),
(1873, '020059064', 18, '20:07:54', '2008-06-22', 'MISLATA', 25, NULL),
(1874, '020059064', 2, '00:33:01', '2010-03-14', 'GANDIA', 25, NULL),
(1875, '020059064', 2, '00:33:09', '2011-01-23', 'GANDIA', 25, NULL),
(1876, '020059064', 2, '00:33:56', '2010-01-16', 'OLIVA', 25, NULL),
(1877, '020059064', 2, '00:35:03', '2010-01-16', 'OLIVA', 25, NULL),
(1878, '020059064', 2, '00:35:41', '2010-04-18', 'MISLATA', 25, NULL),
(1879, '020059064', 2, '00:37:23', '2007-12-01', 'GANDIA', 25, NULL),
(1880, '020059064', 2, '00:38:28', '2007-11-10', 'ALMANSA', 25, NULL),
(1881, '020059064', 2, '00:38:43', '2008-06-08', 'GANDIA-MISLATA', 25, NULL),
(1882, '020059064', 2, '00:39:60', '2006-07-31', 'MISLATA', 25, NULL),
(1883, '020059064', 2, '00:39:60', '2006-07-31', 'MISLATA', 25, NULL),
(1884, '020059064', 2, '00:39:64', '2006-05-27', 'GANDIA', 25, NULL),
(1885, '020059064', 2, '00:39:64', '2006-05-27', 'GANDIA', 25, NULL),
(1886, '020059064', 2, '00:39:84', '2007-06-02', 'GANDIA', 25, NULL),
(1887, '020059064', 2, '00:40:04', '2006-10-28', 'GANDIA', 25, NULL),
(1888, '020059064', 2, '00:40:17', '2006-05-13', 'RIVAS VACIAMADRID', 25, NULL),
(1889, '020059064', 2, '00:40:17', '2006-05-13', 'RIVAS VACIAMADRID', 25, NULL),
(1890, '020059064', 2, '00:40:48', '2006-07-31', 'MISLATA', 25, NULL),
(1891, '020059064', 2, '00:40:48', '2006-07-31', 'MISLATA', 25, NULL),
(1892, '020059064', 2, '00:40:67', '2007-04-28', 'GANDIA', 25, NULL),
(1893, '020059064', 2, '00:40:76', '2006-12-17', 'VALENCIA', 25, NULL),
(1894, '020059064', 2, '00:40:77', '2005-06-04', 'GANDIA', 25, NULL),
(1895, '020059064', 2, '00:41:11', '2006-04-08', 'GANDIA', 25, NULL),
(1896, '020059064', 2, '00:41:43', '2005-05-21', 'GANDIA', 25, NULL),
(1897, '020059064', 2, '00:41:43', '2005-05-21', 'GANDIA', 25, NULL),
(1898, '020059064', 2, '00:41:48', '2006-05-27', 'GANDIA', 25, NULL),
(1899, '020059064', 2, '00:41:48', '2006-05-27', 'GANDIA', 25, NULL),
(1900, '020059064', 2, '00:42:02', '2006-11-18', 'GANDIA', 25, NULL),
(1901, '020059064', 2, '00:42:27', '2005-06-04', 'GANDIA', 25, NULL),
(1902, '020059064', 2, '00:42:34', '2005-11-12', 'GANDIA', 25, NULL),
(1903, '020059064', 2, '00:42:75', '2005-04-17', 'VALENCIA', 25, NULL),
(1904, '020059064', 2, '00:42:75', '2005-04-17', 'VALENCIA', 25, NULL),
(1905, '020059064', 2, '00:43:09', '2006-05-27', 'GANDIA', 25, NULL),
(1906, '020059064', 2, '00:43:09', '2006-05-27', 'GANDIA', 25, NULL),
(1907, '020059064', 2, '00:43:11', '2005-10-29', 'GANDIA', 25, NULL),
(1908, '020059064', 2, '00:43:20', '2005-03-05', 'ELCHE', 25, NULL),
(1909, '020059064', 2, '00:43:52', '2005-12-04', 'VALENCIA', 25, NULL),
(1910, '020059064', 2, '00:43:95', '2006-05-13', 'RIVAS VACIAMADRID', 25, NULL),
(1911, '020059064', 2, '00:43:95', '2006-05-13', 'RIVAS VACIAMADRID', 25, NULL),
(1912, '020059064', 2, '00:43:99', '2005-05-21', 'GANDIA', 25, NULL),
(1913, '020059064', 2, '00:44:39', '2005-04-24', 'GANDIA', 25, NULL),
(1914, '020059064', 2, '00:47:46', '2004-11-14', 'VALENCIA', 25, NULL),
(1915, '020059064', 6, '01:08:16', '2010-01-16', 'OLIVA', 25, NULL),
(1916, '020059064', 6, '01:08:18', '2010-03-14', 'GANDIA', 25, NULL),
(1917, '020059064', 6, '01:09:10', '2011-01-23', 'GANDIA', 25, NULL),
(1918, '020059064', 6, '01:10:94', '2010-06-28', 'MISLATA', 25, NULL),
(1919, '020059064', 6, '01:10:97', '2010-03-07', 'ESPERANZA LAG', 25, NULL),
(1920, '020059064', 6, '01:11:96', '2010-07-25', 'ELDA', 25, NULL),
(1921, '020059064', 6, '01:12:25', '2010-04-18', 'MISLATA', 25, NULL);
INSERT INTO `nadador_prova` (`id`, `nadador`, `proba`, `temps`, `fetxa`, `lloc`, `metrespicina`, `brazades`) VALUES
(1922, '020059064', 6, '01:12:56', '2010-01-16', 'OLIVA', 25, NULL),
(1923, '020059064', 6, '01:15:46', '2009-02-07', 'PABELLON ESPERANZA LAG', 25, NULL),
(1924, '020059064', 6, '01:16:59', '2009-02-07', 'PABELLON ESPERANZA LAG', 25, NULL),
(1925, '020059064', 6, '01:16:94', '2007-12-16', 'ALZIRA', 25, NULL),
(1926, '020059064', 6, '01:17:61', '2008-06-08', 'GANDIA-MISLATA', 25, NULL),
(1927, '020059064', 6, '01:18:28', '2007-11-10', 'ALMANSA', 25, NULL),
(1928, '020059064', 6, '01:19:10', '2007-11-17', 'GANDIA', 25, NULL),
(1929, '020059064', 6, '01:20:41', '2007-07-07', 'XIRIVELLA', 25, NULL),
(1930, '020059064', 6, '01:20:54', '2007-11-17', 'GANDIA', 25, NULL),
(1931, '020059064', 6, '01:20:59', '2007-06-02', 'GANDIA', 25, NULL),
(1932, '020059064', 6, '01:20:74', '2009-02-07', 'PABELLON ESPERANZA LAG', 25, NULL),
(1933, '020059064', 6, '01:20:77', '2008-02-23', 'ELCHE', 25, NULL),
(1934, '020059064', 6, '01:21:04', '2007-07-07', 'XIRIVELLA', 25, NULL),
(1935, '020059064', 6, '01:21:11', '2008-06-22', 'MISLATA', 25, NULL),
(1936, '020059064', 6, '01:21:71', '2007-06-10', 'BURJASSOT', 25, NULL),
(1937, '020059064', 6, '01:22:02', '2007-04-28', 'GANDIA', 25, NULL),
(1938, '020059064', 6, '01:22:07', '2007-07-07', 'XIRIVELLA', 25, NULL),
(1939, '020059064', 6, '01:22:61', '2007-06-10', 'BURJASSOT', 25, NULL),
(1940, '020059064', 6, '01:22:98', '2006-12-17', 'VALENCIA', 25, NULL),
(1941, '020059064', 6, '01:23:31', '2007-03-24', 'ELCHE', 25, NULL),
(1942, '020059064', 6, '01:25:07', '2007-03-24', 'ELCHE', 25, NULL),
(1943, '020059064', 6, '01:25:56', '2006-05-27', 'GANDIA', 25, NULL),
(1944, '020059064', 6, '01:25:56', '2006-05-27', 'GANDIA', 25, NULL),
(1945, '020059064', 6, '01:26:23', '2006-04-08', 'GANDIA', 25, NULL),
(1946, '020059064', 6, '01:26:67', '2005-11-12', 'GANDIA', 25, NULL),
(1947, '020059064', 6, '01:26:74', '2005-06-04', 'GANDIA', 25, NULL),
(1948, '020059064', 6, '01:27:26', '2006-05-13', 'RIVAS VACIAMADRID', 25, NULL),
(1949, '020059064', 6, '01:27:26', '2006-05-13', 'RIVAS VACIAMADRID', 25, NULL),
(1950, '020059064', 6, '01:27:67', '2006-06-17', 'ELCHE', 25, NULL),
(1951, '020059064', 6, '01:27:67', '2006-06-17', 'ELCHE', 25, NULL),
(1952, '020059064', 6, '01:27:71', '2006-11-18', 'GANDIA', 25, NULL),
(1953, '020059064', 6, '01:27:75', '2005-12-04', 'VALENCIA', 25, NULL),
(1954, '020059064', 6, '01:27:86', '2006-06-17', 'ELCHE', 25, NULL),
(1955, '020059064', 6, '01:27:86', '2006-06-17', 'ELCHE', 25, NULL),
(1956, '020059064', 6, '01:28:40', '2005-10-29', 'GANDIA', 25, NULL),
(1957, '020059064', 6, '01:28:85', '2006-05-27', 'GANDIA', 25, NULL),
(1958, '020059064', 6, '01:28:85', '2006-05-27', 'GANDIA', 25, NULL),
(1959, '020059064', 6, '01:29:63', '2005-05-21', 'GANDIA', 25, NULL),
(1960, '020059064', 6, '01:32:63', '2005-04-24', 'GANDIA', 25, NULL),
(1961, '020059064', 6, '01:38:87', '2004-11-14', 'VALENCIA', 25, NULL),
(1962, '020059064', 11, '02:22:31', '2011-01-23', 'GANDIA', 25, NULL),
(1963, '020059064', 11, '02:26:50', '2010-01-16', 'OLIVA', 25, NULL),
(1964, '020059064', 11, '02:26:56', '2010-04-18', 'MISLATA', 25, NULL),
(1965, '020059064', 11, '02:42:50', '2009-02-07', 'PABELLON ESPERANZA LAG', 25, NULL),
(1966, '020059064', 11, '02:44:69', '2007-11-17', 'GANDIA', 25, NULL),
(1967, '020059064', 11, '02:59:02', '2006-11-18', 'GANDIA', 25, NULL),
(1968, '020059064', 11, '03:00:57', '2006-05-27', 'GANDIA', 25, NULL),
(1969, '020059064', 11, '03:00:57', '2006-05-27', 'GANDIA', 25, NULL),
(1970, '020059064', 3, '00:34:88', '2011-04-02', 'OLIVA', 25, NULL),
(1971, '020059064', 3, '00:36:14', '2010-04-18', 'MISLATA', 25, NULL),
(1972, '020059064', 3, '00:43:63', '2007-07-21', 'ALZIRA', 25, NULL),
(1973, '020059064', 3, '00:43:88', '2008-01-12', 'VALENCIA', 25, NULL),
(1974, '020059064', 3, '00:44:84', '2008-02-19', 'GANDIA', 25, NULL),
(1975, '020059064', 3, '00:47:70', '2006-04-23', 'GANDIA', 25, NULL),
(1976, '020059064', 3, '00:49:18', '2006-05-21', 'XIRIVELLA', 25, NULL),
(1977, '020059064', 3, '00:49:18', '2006-05-21', 'XIRIVELLA', 25, NULL),
(1978, '020059064', 3, '00:50:14', '2005-05-21', 'GANDIA', 25, NULL),
(1979, '020059064', 3, '00:52:47', '2004-12-11', 'GANDIA', 25, NULL),
(1980, '020059064', 3, '00:55:29', '2004-11-13', 'GANDIA', 25, NULL),
(1981, '020059064', 3, '01:00:64', '2004-03-13', 'ELX', 25, NULL),
(1982, '020059064', 7, '01:14:23', '2011-04-02', 'OLIVA', 25, NULL),
(1983, '020059064', 7, '01:32:81', '2008-01-12', 'VALENCIA', 25, NULL),
(1984, '020059064', 7, '01:35:12', '2008-02-19', 'GANDIA', 25, NULL),
(1985, '020059064', 7, '01:40:61', '2006-04-23', 'GANDIA', 25, NULL),
(1986, '020059064', 7, '01:44:30', '2006-05-21', 'XIRIVELLA', 25, NULL),
(1987, '020059064', 7, '01:44:30', '2006-05-21', 'XIRIVELLA', 25, NULL),
(1988, '020059064', 7, '01:50:80', '2004-12-11', 'GANDIA', 25, NULL),
(1989, '020059064', 12, '03:15:56', '2008-02-19', 'GANDIA', 25, NULL),
(1990, '020059064', 1, '00:30:23', '2011-01-22', 'GANDIA', 25, NULL),
(1991, '020059064', 1, '00:33:31', '2009-10-25', 'GANDIA', 25, NULL),
(1992, '020059064', 1, '00:33:50', '2007-07-21', 'ALZIRA', 25, NULL),
(1993, '020059064', 1, '00:33:73', '2010-06-28', 'MISLATA', 25, NULL),
(1994, '020059064', 1, '00:34:07', '2008-10-25', 'GANDIA', 25, NULL),
(1995, '020059064', 1, '00:34:80', '2009-03-07', 'GANDIA', 25, NULL),
(1996, '020059064', 1, '00:37:13', '2009-01-17', 'VALENCIA', 25, NULL),
(1997, '020059064', 1, '00:37:80', '2008-06-08', 'GANDIA-MISLATA', 25, NULL),
(1998, '020059064', 1, '00:39:47', '2008-02-19', 'GANDIA', 25, NULL),
(1999, '020059064', 1, '00:44:74', '2006-04-23', 'GANDIA', 25, NULL),
(2000, '020059064', 1, '00:47:93', '2005-05-21', 'GANDIA', 25, NULL),
(2001, '020059064', 1, '00:49:06', '2005-06-04', 'GANDIA', 25, NULL),
(2002, '020059064', 1, '00:52:24', '2005-01-15', 'GANDIA', 25, NULL),
(2003, '020059064', 5, '01:13:79', '2009-10-25', 'GANDIA', 25, NULL),
(2004, '020059064', 5, '01:20:85', '2009-01-17', 'VALENCIA', 25, NULL),
(2005, '020059064', 5, '01:25:38', '2008-02-19', 'GANDIA', 25, NULL),
(2006, '020059064', 5, '01:36:27', '2006-04-23', 'GANDIA', 25, NULL),
(2007, '020059064', 5, '01:53:84', '2005-01-15', 'GANDIA', 25, NULL),
(2008, '020059064', 10, '03:08:83', '2008-01-12', 'VALENCIA', 25, NULL),
(2009, '020059064', 9, '01:10:38', '2009-12-19', 'VALENCIA', 25, NULL),
(2010, '020059064', 9, '01:11:27', '2009-10-24', 'GANDIA', 25, NULL),
(2011, '020059064', 9, '01:37:98', '2005-02-12', 'VALENCIA', 25, NULL),
(2012, '020059064', 14, '02:36:38', '2009-03-07', 'GANDIA', 25, NULL),
(2013, '020059064', 14, '02:45:11', '2008-06-08', 'GANDIA-MISLATA', 25, NULL),
(2014, '020059064', 14, '02:48:06', '2008-03-09', 'XIRIVELLA', 25, NULL),
(2015, '020059064', 14, '02:49:80', '2008-02-03', 'MISLATA', 25, NULL),
(2016, '020059064', 14, '02:58:32', '2008-06-01', 'PISCINA MURCIA PARQUE', 25, NULL),
(2017, '020059064', 14, '03:04:87', '2007-03-24', 'ELCHE', 25, NULL),
(2018, '020059064', 14, '03:06:38', '2006-06-04', 'XIRIVELLA', 25, NULL),
(2019, '020059064', 14, '03:06:38', '2006-06-04', 'XIRIVELLA', 25, NULL),
(2020, '020059064', 14, '03:10:81', '2006-03-05', 'BETERA', 25, NULL),
(2021, '020059064', 14, '03:15:48', '2005-06-04', 'GANDIA', 25, NULL),
(2022, '020059064', 14, '03:16:95', '2005-05-21', 'GANDIA', 25, NULL),
(2023, '020059064', 16, '05:47:96', '2008-04-19', 'GANDIA', 25, NULL),
(2024, '020059065', 4, '00:26:68', '2010-05-22', 'PILAR DE LA HORADADA', 25, NULL),
(2025, '020059065', 4, '00:26:72', '2010-06-05', 'GANDIA', 25, NULL),
(2026, '020059065', 4, '00:27:12', '2010-03-14', 'GANDIA', 25, NULL),
(2027, '020059065', 4, '00:27:13', '2011-03-06', 'VALENCIA', 25, NULL),
(2028, '020059065', 4, '00:27:38', '2011-01-23', 'GANDIA', 25, NULL),
(2029, '020059065', 4, '00:27:39', '2011-06-04', 'GANDIA', 25, NULL),
(2030, '020059065', 4, '00:27:40', '2010-01-16', 'OLIVA', 25, NULL),
(2031, '020059065', 4, '00:27:41', '2010-07-25', 'ELDA', 25, NULL),
(2032, '020059065', 4, '00:27:64', '2010-10-24', 'SAGUNTO', 25, NULL),
(2033, '020059065', 4, '00:28:81', '2010-01-16', 'OLIVA', 25, NULL),
(2034, '020059065', 4, '00:28:84', '2007-06-02', 'GANDIA', 25, NULL),
(2035, '020059065', 4, '00:28:91', '2010-05-08', 'GANDIA', 25, NULL),
(2036, '020059065', 4, '00:28:98', '2009-04-18', 'GANDIA', 25, NULL),
(2037, '020059065', 4, '00:29:44', '2009-03-07', 'GANDIA', 25, NULL),
(2038, '020059065', 4, '00:30:06', '2009-11-15', 'GANDIA', 25, NULL),
(2039, '020059065', 4, '00:30:18', '2011-04-10', 'NAZARET', 25, NULL),
(2040, '020059065', 4, '00:30:32', '2008-11-09', 'GANDIA', 25, NULL),
(2041, '020059065', 4, '00:30:46', '2009-03-07', 'GANDIA', 25, NULL),
(2042, '020059065', 4, '00:30:64', '2008-01-19', 'VALENCIA', 25, NULL),
(2043, '020059065', 4, '00:30:69', '2007-11-10', 'ALMANSA', 25, NULL),
(2044, '020059065', 4, '00:30:87', '2008-03-08', 'GANDIA', 25, NULL),
(2045, '020059065', 4, '00:30:90', '2007-12-22', 'GANDIA', 25, NULL),
(2046, '020059065', 4, '00:31:35', '2006-11-19', 'VALENCIA', 25, NULL),
(2047, '020059065', 4, '00:31:40', '2009-12-20', 'VALENCIA', 25, NULL),
(2048, '020059065', 4, '00:31:70', '2007-02-04', 'VALENCIA', 25, NULL),
(2049, '020059065', 4, '00:31:74', '2006-12-02', 'VALENCIA', 25, NULL),
(2050, '020059065', 4, '00:31:83', '2009-10-25', 'GANDIA', 25, NULL),
(2051, '020059065', 4, '00:31:84', '2006-10-28', 'GANDIA', 25, NULL),
(2052, '020059065', 4, '00:32:10', '2008-04-12', 'GANDIA', 25, NULL),
(2053, '020059065', 4, '00:32:41', '2006-12-16', 'GANDIA', 25, NULL),
(2054, '020059065', 4, '00:32:74', '2006-05-13', 'RIVAS VACIAMADRID', 25, NULL),
(2055, '020059065', 4, '00:32:74', '2006-05-13', 'RIVAS VACIAMADRID', 25, NULL),
(2056, '020059065', 4, '00:33:31', '2006-04-23', 'GANDIA', 25, NULL),
(2057, '020059065', 4, '00:33:60', '2007-05-13', 'XIRIVELLA', 25, NULL),
(2058, '020059065', 4, '00:34:36', '2005-11-12', 'GANDIA', 25, NULL),
(2059, '020059065', 4, '00:34:42', '2006-01-14', 'GANDIA', 25, NULL),
(2060, '020059065', 4, '00:34:82', '2006-03-05', 'BETERA', 25, NULL),
(2061, '020059065', 4, '00:35:99', '2005-10-29', 'GANDIA', 25, NULL),
(2062, '020059065', 4, '00:36:47', '2006-04-08', 'GANDIA', 25, NULL),
(2063, '020059065', 4, '00:38:73', '2004-11-06', 'GANDIA', 25, NULL),
(2064, '020059065', 4, '00:40:65', '2005-04-16', 'GANDIA', 25, NULL),
(2065, '020059065', 4, '00:40:91', '2005-02-12', 'GANDIA', 25, NULL),
(2066, '020059065', 4, '00:44:29', '2004-11-13', 'GANDIA', 25, NULL),
(2067, '020059065', 8, '00:56:77', '2011-03-06', 'VALENCIA', 25, NULL),
(2068, '020059065', 8, '00:57:67', '2011-01-23', 'GANDIA', 25, NULL),
(2069, '020059065', 8, '00:57:68', '2011-06-04', 'GANDIA', 25, NULL),
(2070, '020059065', 8, '00:58:23', '2010-10-24', 'SAGUNTO', 25, NULL),
(2071, '020059065', 8, '00:59:16', '2010-05-08', 'GANDIA', 25, NULL),
(2072, '020059065', 8, '00:59:67', '2010-01-16', 'OLIVA', 25, NULL),
(2073, '020059065', 8, '01:00:51', '2009-04-18', 'GANDIA', 25, NULL),
(2074, '020059065', 8, '01:00:76', '2010-03-06', 'ESPERANZA LAG', 25, NULL),
(2075, '020059065', 8, '01:01:24', '2009-03-07', 'GANDIA', 25, NULL),
(2076, '020059065', 8, '01:02:41', '2009-03-07', 'GANDIA', 25, NULL),
(2077, '020059065', 8, '01:02:68', '2009-07-12', 'MISLATA', 25, NULL),
(2078, '020059065', 8, '01:02:74', '2009-02-07', 'PABELLON ESPERANZA LAG', 25, NULL),
(2079, '020059065', 8, '01:03:17', '2011-04-10', 'NAZARET', 25, NULL),
(2080, '020059065', 8, '01:03:17', '2008-03-08', 'GANDIA', 25, NULL),
(2081, '020059065', 8, '01:03:27', '2009-11-15', 'GANDIA', 25, NULL),
(2082, '020059065', 8, '01:03:39', '2008-01-19', 'VALENCIA', 25, NULL),
(2083, '020059065', 8, '01:03:61', '2007-11-10', 'ALMANSA', 25, NULL),
(2084, '020059065', 8, '01:03:89', '2008-11-09', 'GANDIA', 25, NULL),
(2085, '020059065', 8, '01:04:42', '2008-02-23', 'ELCHE', 25, NULL),
(2086, '020059065', 8, '01:05:44', '2010-06-28', 'MISLATA', 25, NULL),
(2087, '020059065', 8, '01:05:49', '2007-06-10', 'BURJASSOT', 25, NULL),
(2088, '020059065', 8, '01:05:77', '2007-12-22', 'GANDIA', 25, NULL),
(2089, '020059065', 8, '01:05:98', '2007-02-04', 'VALENCIA', 25, NULL),
(2090, '020059065', 8, '01:06:16', '2006-10-28', 'GANDIA', 25, NULL),
(2091, '020059065', 8, '01:06:18', '2009-12-20', 'VALENCIA', 25, NULL),
(2092, '020059065', 8, '01:06:27', '2006-12-02', 'VALENCIA', 25, NULL),
(2093, '020059065', 8, '01:07:14', '2006-11-19', 'VALENCIA', 25, NULL),
(2094, '020059065', 8, '01:07:55', '2007-03-24', 'ELCHE', 25, NULL),
(2095, '020059065', 8, '01:07:76', '2006-12-16', 'GANDIA', 25, NULL),
(2096, '020059065', 8, '01:07:78', '2009-10-25', 'GANDIA', 25, NULL),
(2097, '020059065', 8, '01:08:04', '2008-04-12', 'GANDIA', 25, NULL),
(2098, '020059065', 8, '01:08:20', '2007-06-10', 'BURJASSOT', 25, NULL),
(2099, '020059065', 8, '01:08:26', '2007-06-09', 'BURJASSOT', 25, NULL),
(2100, '020059065', 8, '01:08:31', '2008-05-31', 'PISCINA MURCIA PARQUE', 25, NULL),
(2101, '020059065', 8, '01:08:77', '2006-04-23', 'GANDIA', 25, NULL),
(2102, '020059065', 8, '01:09:49', '2006-07-01', 'XIRIVELLA', 25, NULL),
(2103, '020059065', 8, '01:09:49', '2006-07-01', 'XIRIVELLA', 25, NULL),
(2104, '020059065', 8, '01:10:09', '2006-03-05', 'BETERA', 25, NULL),
(2105, '020059065', 8, '01:10:18', '2006-07-01', 'XIRIVELLA', 25, NULL),
(2106, '020059065', 8, '01:10:18', '2006-07-01', 'XIRIVELLA', 25, NULL),
(2107, '020059065', 8, '01:11:34', '2007-05-13', 'XIRIVELLA', 25, NULL),
(2108, '020059065', 8, '01:12:00', '2005-11-12', 'GANDIA', 25, NULL),
(2109, '020059065', 8, '01:12:82', '2006-01-14', 'GANDIA', 25, NULL),
(2110, '020059065', 8, '01:13:48', '2006-06-11', 'BURJASSOT', 25, NULL),
(2111, '020059065', 8, '01:13:48', '2006-06-11', 'BURJASSOT', 25, NULL),
(2112, '020059065', 8, '01:15:23', '2005-10-29', 'GANDIA', 25, NULL),
(2113, '020059065', 8, '01:18:06', '2006-04-08', 'GANDIA', 25, NULL),
(2114, '020059065', 8, '01:24:99', '2005-02-12', 'GANDIA', 25, NULL),
(2115, '020059065', 8, '01:26:33', '2005-04-16', 'GANDIA', 25, NULL),
(2116, '020059065', 8, '01:31:21', '2004-11-13', 'GANDIA', 25, NULL),
(2117, '020059065', 13, '02:08:58', '2011-04-10', 'NAZARET', 25, NULL),
(2118, '020059065', 13, '02:13:77', '2008-11-09', 'GANDIA', 25, NULL),
(2119, '020059065', 13, '02:15:31', '2010-06-28', 'MISLATA', 25, NULL),
(2120, '020059065', 13, '02:15:42', '2009-11-15', 'GANDIA', 25, NULL),
(2121, '020059065', 13, '02:18:15', '2007-12-22', 'GANDIA', 25, NULL),
(2122, '020059065', 13, '02:19:34', '2009-12-20', 'VALENCIA', 25, NULL),
(2123, '020059065', 13, '02:22:75', '2009-10-25', 'GANDIA', 25, NULL),
(2124, '020059065', 13, '02:23:42', '2008-04-12', 'GANDIA', 25, NULL),
(2125, '020059065', 13, '02:23:45', '2006-12-16', 'GANDIA', 25, NULL),
(2126, '020059065', 13, '02:24:58', '2007-06-10', 'BURJASSOT', 25, NULL),
(2127, '020059065', 13, '02:25:86', '2008-05-31', 'PISCINA MURCIA PARQUE', 25, NULL),
(2128, '020059065', 13, '02:26:95', '2007-06-09', 'BURJASSOT', 25, NULL),
(2129, '020059065', 13, '02:29:46', '2007-05-13', 'XIRIVELLA', 25, NULL),
(2130, '020059065', 13, '02:32:67', '2006-06-11', 'BURJASSOT', 25, NULL),
(2131, '020059065', 13, '02:32:67', '2006-06-11', 'BURJASSOT', 25, NULL),
(2132, '020059065', 13, '02:33:26', '2006-01-14', 'GANDIA', 25, NULL),
(2133, '020059065', 13, '02:42:93', '2006-04-08', 'GANDIA', 25, NULL),
(2134, '020059065', 13, '02:55:56', '2005-04-16', 'GANDIA', 25, NULL),
(2135, '020059065', 13, '02:55:95', '2005-02-12', 'GANDIA', 25, NULL),
(2136, '020059065', 15, '04:45:26', '2009-12-20', 'VALENCIA', 25, NULL),
(2137, '020059065', 15, '04:49:45', '2009-10-25', 'GANDIA', 25, NULL),
(2138, '020059065', 15, '05:05:58', '2007-05-13', 'XIRIVELLA', 25, NULL),
(2139, '020059065', 15, '05:35:97', '2006-04-08', 'GANDIA', 25, NULL),
(2140, '020059065', 15, '05:52:45', '2005-04-16', 'GANDIA', 25, NULL),
(2141, '020059065', 17, '11:14:39', '2006-04-08', 'GANDIA', 25, NULL),
(2142, '020059065', 2, '00:34:45', '2007-07-21', 'ALZIRA', 25, NULL),
(2143, '020059065', 2, '00:37:10', '2007-01-14', 'BETERA', 25, NULL),
(2144, '020059065', 2, '00:37:25', '2006-05-13', 'RIVAS VACIAMADRID', 25, NULL),
(2145, '020059065', 2, '00:37:25', '2006-05-13', 'RIVAS VACIAMADRID', 25, NULL),
(2146, '020059065', 2, '00:37:57', '2006-11-19', 'VALENCIA', 25, NULL),
(2147, '020059065', 2, '00:41:81', '2005-10-29', 'GANDIA', 25, NULL),
(2148, '020059065', 2, '00:42:23', '2005-05-21', 'GANDIA', 25, NULL),
(2149, '020059065', 2, '00:43:12', '2005-11-12', 'GANDIA', 25, NULL),
(2150, '020059065', 6, '01:16:71', '2007-01-14', 'BETERA', 25, NULL),
(2151, '020059065', 6, '01:17:53', '2006-05-13', 'RIVAS VACIAMADRID', 25, NULL),
(2152, '020059065', 6, '01:17:53', '2006-05-13', 'RIVAS VACIAMADRID', 25, NULL),
(2153, '020059065', 6, '01:19:20', '2006-11-19', 'VALENCIA', 25, NULL),
(2154, '020059065', 6, '01:21:91', '2006-07-01', 'XIRIVELLA', 25, NULL),
(2155, '020059065', 6, '01:21:91', '2006-07-01', 'XIRIVELLA', 25, NULL),
(2156, '020059065', 6, '01:24:76', '2006-07-01', 'XIRIVELLA', 25, NULL),
(2157, '020059065', 6, '01:24:76', '2006-07-01', 'XIRIVELLA', 25, NULL),
(2158, '020059065', 6, '01:26:44', '2005-05-21', 'GANDIA', 25, NULL),
(2159, '020059065', 6, '01:30:39', '2005-11-12', 'GANDIA', 25, NULL),
(2160, '020059065', 6, '01:32:92', '2005-07-09', 'XIRIVELLA', 25, NULL),
(2161, '020059065', 6, '01:33:67', '2005-03-05', 'ELCHE', 25, NULL),
(2162, '020059065', 11, '02:44:71', '2006-11-19', 'VALENCIA', 25, NULL),
(2163, '020059065', 11, '03:02:66', '2005-11-12', 'GANDIA', 25, NULL),
(2164, '020059065', 3, '00:34:17', '2011-05-07', 'PISCINA GANDIA', 25, NULL),
(2165, '020059065', 3, '00:34:34', '2010-06-05', 'GANDIA', 25, NULL),
(2166, '020059065', 3, '00:34:39', '2010-12-18', 'CASTELLN', 25, NULL),
(2167, '020059065', 3, '00:34:59', '2011-01-22', 'GANDIA', 25, NULL),
(2168, '020059065', 3, '00:34:79', '2011-01-23', 'GANDIA', 25, NULL),
(2169, '020059065', 3, '00:34:84', '2010-10-30', 'GANDIA', 25, NULL),
(2170, '020059065', 3, '00:34:98', '2011-03-05', 'VALENCIA', 25, NULL),
(2171, '020059065', 3, '00:35:11', '2011-06-04', 'GANDIA', 25, NULL),
(2172, '020059065', 3, '00:35:18', '2010-12-11', 'GANDIA', 25, NULL),
(2173, '020059065', 3, '00:35:33', '2011-06-04', 'GANDIA', 25, NULL),
(2174, '020059065', 3, '00:35:39', '2010-12-18', 'CASTELLN', 25, NULL),
(2175, '020059065', 3, '00:35:72', '2010-02-13', 'SAGUNTO', 25, NULL),
(2176, '020059065', 3, '00:35:73', '2010-10-30', 'GANDIA', 25, NULL),
(2177, '020059065', 3, '00:35:84', '2009-04-18', 'GANDIA', 25, NULL),
(2178, '020059065', 3, '00:35:84', '2011-03-06', 'VALENCIA', 25, NULL),
(2179, '020059065', 3, '00:35:96', '2010-03-14', 'GANDIA', 25, NULL),
(2180, '020059065', 3, '00:35:99', '2009-12-05', 'GANDIA', 25, NULL),
(2181, '020059065', 3, '00:36:08', '2010-06-05', 'GANDIA', 25, NULL),
(2182, '020059065', 3, '00:36:10', '2009-10-31', 'GANDIA', 25, NULL),
(2183, '020059065', 3, '00:36:15', '2010-06-05', 'GANDIA', 25, NULL),
(2184, '020059065', 3, '00:36:18', '2009-12-05', 'GANDIA', 25, NULL),
(2185, '020059065', 3, '00:36:35', '2010-12-11', 'GANDIA', 25, NULL),
(2186, '020059065', 3, '00:36:39', '2009-05-31', 'GANDIA', 25, NULL),
(2187, '020059065', 3, '00:36:53', '2009-01-17', 'VALENCIA', 25, NULL),
(2188, '020059065', 3, '00:36:56', '2008-05-25', 'GANDIA', 25, NULL),
(2189, '020059065', 3, '00:36:60', '2007-12-01', 'GANDIA', 25, NULL),
(2190, '020059065', 3, '00:36:65', '2009-05-30', 'GANDIA', 25, NULL),
(2191, '020059065', 3, '00:36:74', '2009-05-30', 'GANDIA', 25, NULL),
(2192, '020059065', 3, '00:36:90', '2008-05-24', 'GANDIA', 25, NULL),
(2193, '020059065', 3, '00:36:92', '2008-03-16', 'CASTELLON', 25, NULL),
(2194, '020059065', 3, '00:36:94', '2008-05-10', 'GANDIA-MISLATA', 25, NULL),
(2195, '020059065', 3, '00:36:97', '2008-11-16', 'CASTELLON', 25, NULL),
(2196, '020059065', 3, '00:37:00', '2009-10-31', 'GANDIA', 25, NULL),
(2197, '020059065', 3, '00:37:08', '2008-12-06', 'GANDIA', 25, NULL),
(2198, '020059065', 3, '00:37:15', '2008-10-25', 'GANDIA', 25, NULL),
(2199, '020059065', 3, '00:37:15', '2007-11-10', 'ALMANSA', 25, NULL),
(2200, '020059065', 3, '00:37:19', '2007-12-01', 'GANDIA', 25, NULL),
(2201, '020059065', 3, '00:37:32', '2009-03-08', 'GANDIA', 25, NULL),
(2202, '020059065', 3, '00:37:33', '2010-03-13', 'GANDIA', 25, NULL),
(2203, '020059065', 3, '00:37:41', '2010-11-20', 'BENIMAMET', 25, NULL),
(2204, '020059065', 3, '00:37:41', '2008-03-09', 'GANDIA', 25, NULL),
(2205, '020059065', 3, '00:37:42', '2008-01-19', 'VALENCIA', 25, NULL),
(2206, '020059065', 3, '00:37:64', '2009-12-19', 'VALENCIA', 25, NULL),
(2207, '020059065', 3, '00:37:65', '2008-12-06', 'GANDIA', 25, NULL),
(2208, '020059065', 3, '00:37:70', '2007-11-25', 'VALENCIA', 25, NULL),
(2209, '020059065', 3, '00:37:73', '2008-11-15', 'CASTELLON', 25, NULL),
(2210, '020059065', 3, '00:37:78', '2008-05-24', 'GANDIA', 25, NULL),
(2211, '020059065', 3, '00:37:88', '2007-11-24', 'VALENCIA', 25, NULL),
(2212, '020059065', 3, '00:37:96', '2009-12-19', 'VALENCIA', 25, NULL),
(2213, '020059065', 3, '00:37:96', '2008-02-16', 'GANDIA-XIRIVELLA', 25, NULL),
(2214, '020059065', 3, '00:38:00', '2008-03-08', 'GANDIA', 25, NULL),
(2215, '020059065', 3, '00:38:15', '2007-05-26', 'GANDIA', 25, NULL),
(2216, '020059065', 3, '00:38:31', '2007-06-02', 'GANDIA', 25, NULL),
(2217, '020059065', 3, '00:38:33', '2007-06-02', 'GANDIA', 25, NULL),
(2218, '020059065', 3, '00:38:35', '2008-05-10', 'GANDIA-MISLATA', 25, NULL),
(2219, '020059065', 3, '00:38:46', '2009-03-07', 'GANDIA', 25, NULL),
(2220, '020059065', 3, '00:38:61', '2007-06-02', 'GANDIA', 25, NULL),
(2221, '020059065', 3, '00:38:66', '2009-11-14', 'GANDIA', 25, NULL),
(2222, '020059065', 3, '00:38:90', '2007-04-21', 'GANDIA', 25, NULL),
(2223, '020059065', 3, '00:39:02', '2006-11-26', 'CASTELLON', 25, NULL),
(2224, '020059065', 3, '00:39:38', '2007-06-29', 'ZARAGOZA', 25, NULL),
(2225, '020059065', 3, '00:39:58', '2006-11-26', 'CASTELLON', 25, NULL),
(2226, '020059065', 3, '00:39:91', '2006-07-31', 'MISLATA', 25, NULL),
(2227, '020059065', 3, '00:39:91', '2006-07-31', 'MISLATA', 25, NULL),
(2228, '020059065', 3, '00:40:19', '2006-12-02', 'VALENCIA', 25, NULL),
(2229, '020059065', 3, '00:40:21', '2006-05-13', 'RIVAS VACIAMADRID', 25, NULL),
(2230, '020059065', 3, '00:40:21', '2006-05-13', 'RIVAS VACIAMADRID', 25, NULL),
(2231, '020059065', 3, '00:40:41', '2006-11-25', 'CASTELLON', 25, NULL),
(2232, '020059065', 3, '00:40:50', '2007-02-11', 'VALENCIA', 25, NULL),
(2233, '020059065', 3, '00:40:51', '2006-10-28', 'GANDIA', 25, NULL),
(2234, '020059065', 3, '00:40:61', '2006-05-27', 'GANDIA', 25, NULL),
(2235, '020059065', 3, '00:40:61', '2006-04-23', 'GANDIA', 25, NULL),
(2236, '020059065', 3, '00:40:61', '2006-05-27', 'GANDIA', 25, NULL),
(2237, '020059065', 3, '00:40:71', '2006-05-27', 'GANDIA', 25, NULL),
(2238, '020059065', 3, '00:40:71', '2006-05-27', 'GANDIA', 25, NULL),
(2239, '020059065', 3, '00:41:19', '2007-01-14', 'BETERA', 25, NULL),
(2240, '020059065', 3, '00:41:58', '2006-07-31', 'MISLATA', 25, NULL),
(2241, '020059065', 3, '00:41:58', '2006-07-31', 'MISLATA', 25, NULL),
(2242, '020059065', 3, '00:41:92', '2006-01-14', 'GANDIA', 25, NULL),
(2243, '020059065', 3, '00:42:12', '2006-05-27', 'GANDIA', 25, NULL),
(2244, '020059065', 3, '00:42:12', '2006-05-27', 'GANDIA', 25, NULL),
(2245, '020059065', 3, '00:44:23', '2005-05-21', 'GANDIA', 25, NULL),
(2246, '020059065', 3, '00:44:77', '2005-04-24', 'GANDIA', 25, NULL),
(2247, '020059065', 3, '00:44:81', '2005-05-21', 'GANDIA', 25, NULL),
(2248, '020059065', 3, '00:44:92', '2005-12-04', 'VALENCIA', 25, NULL),
(2249, '020059065', 3, '00:46:13', '2005-01-16', 'VALENCIA', 25, NULL),
(2250, '020059065', 3, '00:48:62', '2004-11-13', 'GANDIA', 25, NULL),
(2251, '020059065', 3, '00:49:42', '2004-12-05', 'VALENCIA', 25, NULL),
(2252, '020059065', 7, '01:13:27', '2011-03-05', 'VALENCIA', 25, NULL),
(2253, '020059065', 7, '01:13:43', '2011-05-07', 'PISCINA GANDIA', 25, NULL),
(2254, '020059065', 7, '01:13:55', '2011-06-04', 'GANDIA', 25, NULL),
(2255, '020059065', 7, '01:13:63', '2010-12-18', 'CASTELLN', 25, NULL),
(2256, '020059065', 7, '01:14:38', '2011-01-22', 'GANDIA', 25, NULL),
(2257, '020059065', 7, '01:15:38', '2010-12-18', 'CASTELLN', 25, NULL),
(2258, '020059065', 7, '01:15:60', '2010-06-05', 'GANDIA', 25, NULL),
(2259, '020059065', 7, '01:15:65', '2011-06-04', 'GANDIA', 25, NULL),
(2260, '020059065', 7, '01:15:74', '2010-10-30', 'GANDIA', 25, NULL),
(2261, '020059065', 7, '01:15:88', '2010-02-13', 'SAGUNTO', 25, NULL),
(2262, '020059065', 7, '01:16:41', '2011-03-06', 'VALENCIA', 25, NULL),
(2263, '020059065', 7, '01:16:84', '2010-03-14', 'GANDIA', 25, NULL),
(2264, '020059065', 7, '01:17:06', '2010-06-05', 'GANDIA', 25, NULL),
(2265, '020059065', 7, '01:17:37', '2010-12-11', 'GANDIA', 25, NULL),
(2266, '020059065', 7, '01:17:40', '2010-07-25', 'ELDA', 25, NULL),
(2267, '020059065', 7, '01:17:56', '2009-12-05', 'GANDIA', 25, NULL),
(2268, '020059065', 7, '01:17:67', '2009-05-30', 'GANDIA', 25, NULL),
(2269, '020059065', 7, '01:17:78', '2010-11-20', 'BENIMAMET', 25, NULL),
(2270, '020059065', 7, '01:18:04', '2008-01-19', 'VALENCIA', 25, NULL),
(2271, '020059065', 7, '01:18:17', '2007-12-01', 'GANDIA', 25, NULL),
(2272, '020059065', 7, '01:18:53', '2008-10-25', 'GANDIA', 25, NULL),
(2273, '020059065', 7, '01:18:71', '2009-12-19', 'VALENCIA', 25, NULL),
(2274, '020059065', 7, '01:18:75', '2008-03-16', 'CASTELLON', 25, NULL),
(2275, '020059065', 7, '01:18:78', '2008-03-09', 'GANDIA', 25, NULL),
(2276, '020059065', 7, '01:18:86', '2007-11-10', 'ALMANSA', 25, NULL),
(2277, '020059065', 7, '01:19:09', '2007-11-25', 'VALENCIA', 25, NULL),
(2278, '020059065', 7, '01:19:23', '2009-03-08', 'GANDIA', 25, NULL),
(2279, '020059065', 7, '01:19:29', '2010-03-07', 'ESPERANZA LAG', 25, NULL),
(2280, '020059065', 7, '01:19:31', '2009-05-30', 'GANDIA', 25, NULL),
(2281, '020059065', 7, '01:19:56', '2008-11-16', 'CASTELLON', 25, NULL),
(2282, '020059065', 7, '01:19:61', '2009-10-31', 'GANDIA', 25, NULL),
(2283, '020059065', 7, '01:19:65', '2008-12-06', 'GANDIA', 25, NULL),
(2284, '020059065', 7, '01:19:66', '2009-07-13', 'MISLATA', 25, NULL),
(2285, '020059065', 7, '01:19:69', '2010-03-13', 'GANDIA', 25, NULL),
(2286, '020059065', 7, '01:19:83', '2008-05-24', 'GANDIA', 25, NULL),
(2287, '020059065', 7, '01:19:88', '2009-12-19', 'VALENCIA', 25, NULL),
(2288, '020059065', 7, '01:20:26', '2009-07-04', 'POLIDEPORTIVO VILLENA', 25, NULL),
(2289, '020059065', 7, '01:20:26', '2009-07-04', 'POLIDEPORTIVO VILLENA', 25, NULL),
(2290, '020059065', 7, '01:20:34', '2008-07-20', 'ELDA', 25, NULL),
(2291, '020059065', 7, '01:20:61', '2008-03-08', 'GANDIA', 25, NULL),
(2292, '020059065', 7, '01:20:86', '2008-02-23', 'ELCHE', 25, NULL),
(2293, '020059065', 7, '01:20:95', '2010-07-24', 'ELDA', 25, NULL),
(2294, '020059065', 7, '01:21:13', '2007-11-24', 'VALENCIA', 25, NULL),
(2295, '020059065', 7, '01:21:40', '2008-02-23', 'ELCHE', 25, NULL),
(2296, '020059065', 7, '01:21:52', '2008-02-16', 'GANDIA-XIRIVELLA', 25, NULL),
(2297, '020059065', 7, '01:21:74', '2007-06-02', 'GANDIA', 25, NULL),
(2298, '020059065', 7, '01:21:81', '2008-05-24', 'GANDIA', 25, NULL),
(2299, '020059065', 7, '01:21:81', '2008-11-15', 'CASTELLON', 25, NULL),
(2300, '020059065', 7, '01:21:82', '2009-11-14', 'GANDIA', 25, NULL),
(2301, '020059065', 7, '01:21:93', '2009-03-07', 'GANDIA', 25, NULL),
(2302, '020059065', 7, '01:21:99', '2007-05-26', 'GANDIA', 25, NULL),
(2303, '020059065', 7, '01:22:01', '2008-05-10', 'GANDIA-MISLATA', 25, NULL),
(2304, '020059065', 7, '01:22:01', '2007-04-21', 'GANDIA', 25, NULL),
(2305, '020059065', 7, '01:22:35', '2008-07-19', 'ELDA', 25, NULL),
(2306, '020059065', 7, '01:22:64', '2009-02-07', 'PABELLON ESPERANZA LAG', 25, NULL),
(2307, '020059065', 7, '01:22:87', '2007-06-02', 'GANDIA', 25, NULL),
(2308, '020059065', 7, '01:23:12', '2008-06-28', 'VILLENA', 25, NULL),
(2309, '020059065', 7, '01:23:42', '2010-03-06', 'ESPERANZA LAG', 25, NULL),
(2310, '020059065', 7, '01:23:52', '2008-06-01', 'PISCINA MURCIA PARQUE', 25, NULL),
(2311, '020059065', 7, '01:23:74', '2009-07-12', 'MISLATA', 25, NULL),
(2312, '020059065', 7, '01:24:15', '2007-06-29', 'ZARAGOZA', 25, NULL),
(2313, '020059065', 7, '01:24:40', '2007-06-09', 'BURJASSOT', 25, NULL),
(2314, '020059065', 7, '01:24:49', '2009-02-07', 'PABELLON ESPERANZA LAG', 25, NULL),
(2315, '020059065', 7, '01:24:79', '2006-12-02', 'VALENCIA', 25, NULL),
(2316, '020059065', 7, '01:24:90', '2008-05-31', 'PISCINA MURCIA PARQUE', 25, NULL),
(2317, '020059065', 7, '01:24:96', '2007-06-10', 'BURJASSOT', 25, NULL),
(2318, '020059065', 7, '01:25:14', '2006-07-01', 'XIRIVELLA', 25, NULL),
(2319, '020059065', 7, '01:25:14', '2006-07-01', 'XIRIVELLA', 25, NULL),
(2320, '020059065', 7, '01:25:24', '2006-05-13', 'RIVAS VACIAMADRID', 25, NULL),
(2321, '020059065', 7, '01:25:24', '2006-05-13', 'RIVAS VACIAMADRID', 25, NULL),
(2322, '020059065', 7, '01:25:50', '2007-02-11', 'VALENCIA', 25, NULL),
(2323, '020059065', 7, '01:25:62', '2006-11-26', 'CASTELLON', 25, NULL),
(2324, '020059065', 7, '01:25:86', '2006-10-28', 'GANDIA', 25, NULL),
(2325, '020059065', 7, '01:26:16', '2006-04-23', 'GANDIA', 25, NULL),
(2326, '020059065', 7, '01:26:19', '2007-01-14', 'BETERA', 25, NULL),
(2327, '020059065', 7, '01:26:32', '2006-07-01', 'XIRIVELLA', 25, NULL),
(2328, '020059065', 7, '01:26:32', '2006-07-01', 'XIRIVELLA', 25, NULL),
(2329, '020059065', 7, '01:26:76', '2006-11-25', 'CASTELLON', 25, NULL),
(2330, '020059065', 7, '01:26:91', '2007-03-24', 'ELCHE', 25, NULL),
(2331, '020059065', 7, '01:27:02', '2006-05-27', 'GANDIA', 25, NULL),
(2332, '020059065', 7, '01:27:02', '2006-05-27', 'GANDIA', 25, NULL),
(2333, '020059065', 7, '01:27:40', '2007-03-24', 'ELCHE', 25, NULL),
(2334, '020059065', 7, '01:28:72', '2006-06-10', 'BURJASSOT', 25, NULL),
(2335, '020059065', 7, '01:28:72', '2006-06-10', 'BURJASSOT', 25, NULL),
(2336, '020059065', 7, '01:29:45', '2006-01-14', 'GANDIA', 25, NULL),
(2337, '020059065', 7, '01:30:62', '2006-05-27', 'GANDIA', 25, NULL),
(2338, '020059065', 7, '01:30:62', '2006-05-27', 'GANDIA', 25, NULL),
(2339, '020059065', 7, '01:32:22', '2005-06-18', 'ELCHE', 25, NULL),
(2340, '020059065', 7, '01:33:02', '2005-07-09', 'XIRIVELLA', 25, NULL),
(2341, '020059065', 7, '01:33:29', '2005-07-09', 'XIRIVELLA', 25, NULL),
(2342, '020059065', 7, '01:33:34', '2005-12-04', 'VALENCIA', 25, NULL),
(2343, '020059065', 7, '01:33:51', '2005-05-21', 'GANDIA', 25, NULL),
(2344, '020059065', 7, '01:33:99', '2006-06-11', 'BURJASSOT', 25, NULL),
(2345, '020059065', 7, '01:33:99', '2006-06-11', 'BURJASSOT', 25, NULL),
(2346, '020059065', 7, '01:34:63', '2005-04-24', 'GANDIA', 25, NULL),
(2347, '020059065', 7, '01:39:76', '2005-03-05', 'ELCHE', 25, NULL),
(2348, '020059065', 7, '01:43:27', '2004-12-05', 'VALENCIA', 25, NULL),
(2349, '020059065', 12, '02:41:33', '2010-12-18', 'CASTELLN', 25, NULL),
(2350, '020059065', 12, '02:41:36', '2010-06-05', 'GANDIA', 25, NULL),
(2351, '020059065', 12, '02:41:61', '2011-03-06', 'VALENCIA', 25, NULL),
(2352, '020059065', 12, '02:43:39', '2010-12-11', 'GANDIA', 25, NULL),
(2353, '020059065', 12, '02:46:02', '2011-06-04', 'GANDIA', 25, NULL),
(2354, '020059065', 12, '02:47:42', '2010-03-13', 'GANDIA', 25, NULL),
(2355, '020059065', 12, '02:49:24', '2008-03-08', 'GANDIA', 25, NULL),
(2356, '020059065', 12, '02:49:72', '2009-11-14', 'GANDIA', 25, NULL),
(2357, '020059065', 12, '02:49:84', '2009-05-30', 'GANDIA', 25, NULL),
(2358, '020059065', 12, '02:51:28', '2009-12-19', 'VALENCIA', 25, NULL),
(2359, '020059065', 12, '02:51:49', '2008-02-16', 'GANDIA-XIRIVELLA', 25, NULL),
(2360, '020059065', 12, '02:51:88', '2009-03-07', 'GANDIA', 25, NULL),
(2361, '020059065', 12, '02:51:90', '2010-07-24', 'ELDA', 25, NULL),
(2362, '020059065', 12, '02:52:06', '2007-11-24', 'VALENCIA', 25, NULL),
(2363, '020059065', 12, '02:52:40', '2009-07-12', 'MISLATA', 25, NULL),
(2364, '020059065', 12, '02:53:81', '2008-05-24', 'GANDIA', 25, NULL),
(2365, '020059065', 12, '02:53:88', '2008-11-15', 'CASTELLON', 25, NULL),
(2366, '020059065', 12, '02:54:10', '2008-05-10', 'GANDIA-MISLATA', 25, NULL),
(2367, '020059065', 12, '02:54:12', '2008-07-19', 'ELDA', 25, NULL),
(2368, '020059065', 12, '02:54:58', '2007-06-02', 'GANDIA', 25, NULL),
(2369, '020059065', 12, '02:54:85', '2010-03-06', 'ESPERANZA LAG', 25, NULL),
(2370, '020059065', 12, '02:55:83', '2008-02-23', 'ELCHE', 25, NULL),
(2371, '020059065', 12, '02:57:11', '2007-06-10', 'BURJASSOT', 25, NULL),
(2372, '020059065', 12, '02:59:42', '2007-06-29', 'ZARAGOZA', 25, NULL),
(2373, '020059065', 12, '02:59:99', '2007-01-14', 'BETERA', 25, NULL),
(2374, '020059065', 12, '03:00:36', '2008-05-31', 'PISCINA MURCIA PARQUE', 25, NULL),
(2375, '020059065', 12, '03:00:67', '2009-02-07', 'PABELLON ESPERANZA LAG', 25, NULL),
(2376, '020059065', 12, '03:04:22', '2006-11-25', 'CASTELLON', 25, NULL),
(2377, '020059065', 12, '03:07:38', '2007-03-24', 'ELCHE', 25, NULL),
(2378, '020059065', 12, '03:09:66', '2006-05-27', 'GANDIA', 25, NULL),
(2379, '020059065', 12, '03:09:66', '2006-05-27', 'GANDIA', 25, NULL),
(2380, '020059065', 12, '03:11:78', '2005-12-04', 'VALENCIA', 25, NULL),
(2381, '020059065', 12, '03:14:77', '2006-06-11', 'BURJASSOT', 25, NULL),
(2382, '020059065', 12, '03:14:77', '2006-06-11', 'BURJASSOT', 25, NULL),
(2383, '020059065', 1, '00:29:57', '2011-03-05', 'VALENCIA', 25, NULL),
(2384, '020059065', 1, '00:29:66', '2011-04-10', 'NAZARET', 25, NULL),
(2385, '020059065', 1, '00:29:81', '2010-05-08', 'GANDIA', 25, NULL),
(2386, '020059065', 1, '00:29:84', '2010-12-19', 'CASTELLN', 25, NULL),
(2387, '020059065', 1, '00:30:16', '2011-05-07', 'PISCINA GANDIA', 25, NULL),
(2388, '020059065', 1, '00:30:18', '2011-06-05', 'GANDIA', 25, NULL),
(2389, '020059065', 1, '00:30:22', '2011-04-02', 'OLIVA', 25, NULL),
(2390, '020059065', 1, '00:30:34', '2010-05-22', 'PILAR DE LA HORADADA', 25, NULL),
(2391, '020059065', 1, '00:30:57', '2010-12-18', 'CASTELLN', 25, NULL),
(2392, '020059065', 1, '00:30:72', '2010-06-28', 'MISLATA', 25, NULL),
(2393, '020059065', 1, '00:30:79', '2008-10-25', 'GANDIA', 25, NULL),
(2394, '020059065', 1, '00:31:13', '2010-02-13', 'SAGUNTO', 25, NULL),
(2395, '020059065', 1, '00:31:41', '2009-12-20', 'VALENCIA', 25, NULL),
(2396, '020059065', 1, '00:31:63', '2010-03-13', 'GANDIA', 25, NULL),
(2397, '020059065', 1, '00:31:79', '2009-03-07', 'GANDIA', 25, NULL),
(2398, '020059065', 1, '00:32:66', '2008-11-08', 'GANDIA', 25, NULL),
(2399, '020059065', 1, '00:32:91', '2010-11-20', 'BENIMAMET', 25, NULL),
(2400, '020059065', 1, '00:33:03', '2008-03-08', 'GANDIA', 25, NULL),
(2401, '020059065', 1, '00:33:50', '2007-07-21', 'ALZIRA', 25, NULL),
(2402, '020059065', 1, '00:33:93', '2008-11-16', 'CASTELLON', 25, NULL),
(2403, '020059065', 1, '00:33:95', '2009-01-17', 'VALENCIA', 25, NULL),
(2404, '020059065', 1, '00:34:06', '2007-12-22', 'GANDIA', 25, NULL),
(2405, '020059065', 1, '00:35:31', '2008-11-16', 'CASTELLON', 25, NULL),
(2406, '020059065', 1, '00:39:49', '2006-12-16', 'GANDIA', 25, NULL),
(2407, '020059065', 5, '01:04:35', '2011-03-05', 'VALENCIA', 25, NULL),
(2408, '020059065', 5, '01:05:71', '2011-06-05', 'GANDIA', 25, NULL),
(2409, '020059065', 5, '01:06:39', '2010-07-24', 'ELDA', 25, NULL),
(2410, '020059065', 5, '01:06:42', '2010-12-19', 'CASTELLN', 25, NULL),
(2411, '020059065', 5, '01:07:08', '2010-03-13', 'GANDIA', 25, NULL),
(2412, '020059065', 5, '01:07:14', '2010-02-13', 'SAGUNTO', 25, NULL),
(2413, '020059065', 5, '01:08:04', '2009-12-20', 'VALENCIA', 25, NULL),
(2414, '020059065', 5, '01:09:52', '2009-03-07', 'GANDIA', 25, NULL),
(2415, '020059065', 5, '01:10:31', '2009-07-12', 'MISLATA', 25, NULL),
(2416, '020059065', 5, '01:10:53', '2008-11-08', 'GANDIA', 25, NULL),
(2417, '020059065', 5, '01:10:74', '2008-03-08', 'GANDIA', 25, NULL),
(2418, '020059065', 5, '01:11:61', '2010-11-20', 'BENIMAMET', 25, NULL),
(2419, '020059065', 5, '01:13:17', '2009-01-17', 'VALENCIA', 25, NULL),
(2420, '020059065', 5, '01:14:12', '2007-12-22', 'GANDIA', 25, NULL),
(2421, '020059065', 5, '01:16:89', '2008-11-16', 'CASTELLON', 25, NULL),
(2422, '020059065', 5, '01:29:16', '2006-12-16', 'GANDIA', 25, NULL),
(2423, '020059065', 9, '01:09:76', '2009-10-24', 'GANDIA', 25, NULL),
(2424, '020059065', 9, '01:11:30', '2009-03-28', 'SAN VICENTE DEL RASPEIG', 25, NULL),
(2425, '020059065', 14, '02:25:41', '2011-04-02', 'OLIVA', 25, NULL),
(2426, '020059065', 14, '02:28:56', '2010-12-18', 'CASTELLN', 25, NULL),
(2427, '020059065', 14, '02:29:94', '2010-05-22', 'PILAR DE LA HORADADA', 25, NULL),
(2428, '020059065', 14, '02:35:19', '2008-04-12', 'GANDIA', 25, NULL),
(2429, '020059065', 14, '02:37:09', '2008-11-16', 'CASTELLON', 25, NULL),
(2430, '020059065', 14, '02:38:45', '2007-11-25', 'VALENCIA', 25, NULL),
(2431, '020059065', 14, '02:41:63', '2007-05-13', 'XIRIVELLA', 25, NULL),
(2432, '020059065', 14, '02:50:85', '2006-02-11', 'GANDIA', 25, NULL),
(2433, '020059065', 14, '03:11:26', '2005-03-13', 'VALENCIA', 25, NULL),
(2434, '020059065', 14, '03:11:67', '2005-06-19', 'ELCHE', 25, NULL),
(2435, '020059065', 14, '03:18:10', '2005-03-05', 'ELCHE', 25, NULL),
(2436, '020059065', 16, '05:27:84', '2010-11-20', 'BENIMAMET', 25, NULL),
(2437, '020059065', 16, '05:31:78', '2008-11-16', 'CASTELLON', 25, NULL),
(2438, '020059065', 16, '05:36:27', '2009-06-20', 'CATARROJA', 25, NULL),
(2439, '020059065', 16, '05:58:16', '2006-12-16', 'GANDIA', 25, NULL),
(2443, '00000000', 8, '00:30:62', '2011-09-27', 'Piso', 25, 12),
(2444, '00000000', 8, '00:08:22', '2011-09-28', 'Piso', 25, 18),
(2447, '00000000', 15, '00:06:56', '2011-09-28', 'Piso', 25, 20),
(2448, '00000000', 8, '00:12:84', '2011-09-28', 'piso', 25, 23),
(2449, '099164020', 2, '00:33:30', '2011-10-29', 'Gandia', 25, 19),
(2450, '020058793', 5, '01:09:20', '2011-10-28', 'Gandia', 25, NULL),
(2451, '020044932', 6, '01:16:45', '2000-11-18', 'Gandia', 25, 15),
(2452, '020044932', 2, '00:21:03', '2012-06-21', 'Casa', 25, 15),
(2453, '020044932', 6, '00:15:08', '2012-06-26', '', 25, 15);

-- --------------------------------------------------------

--
-- Estructura de tabla para la tabla `parcials`
--

CREATE TABLE IF NOT EXISTS `parcials` (
  `id` int(11) NOT NULL AUTO_INCREMENT,
  `prova_nadada` int(11) NOT NULL,
  `metres` float NOT NULL,
  `temps` varchar(8) COLLATE utf8_spanish_ci NOT NULL,
  PRIMARY KEY (`id`),
  KEY `prova_nadada` (`prova_nadada`)
) ENGINE=InnoDB  DEFAULT CHARSET=utf8 COLLATE=utf8_spanish_ci AUTO_INCREMENT=19 ;

--
-- Volcado de datos para la tabla `parcials`
--

INSERT INTO `parcials` (`id`, `prova_nadada`, `metres`, `temps`) VALUES
(1, 2452, 12, '00:01:71'),
(2, 2452, 17.5, '00:04:70'),
(3, 2452, 25, '00:08:41'),
(4, 2452, 32.5, '00:12:02'),
(5, 2452, 42.5, '00:15:89'),
(6, 2452, 50, '00:21:03'),
(7, 2453, 12, '00:01:73'),
(8, 2453, 17.5, '00:02:36'),
(9, 2453, 25, '00:02:58'),
(10, 2453, 32.5, '00:02:80'),
(11, 2453, 42.5, '00:07:12'),
(12, 2453, 50, '00:09:67'),
(13, 2453, 57.5, '00:10:61'),
(14, 2453, 67.5, '00:12:17'),
(15, 2453, 75, '00:12:77'),
(16, 2453, 82.5, '00:12:99'),
(17, 2453, 92.5, '00:13:23'),
(18, 2453, 100, '00:15:08');

-- --------------------------------------------------------

--
-- Estructura de tabla para la tabla `proves`
--

CREATE TABLE IF NOT EXISTS `proves` (
  `id` int(11) NOT NULL AUTO_INCREMENT,
  `metres` int(11) NOT NULL,
  `estil` varchar(100) NOT NULL,
  PRIMARY KEY (`id`)
) ENGINE=InnoDB  DEFAULT CHARSET=utf8 AUTO_INCREMENT=19 ;

--
-- Volcado de datos para la tabla `proves`
--

INSERT INTO `proves` (`id`, `metres`, `estil`) VALUES
(1, 50, 'Mariposa'),
(2, 50, 'Espalda'),
(3, 50, 'Braza'),
(4, 50, 'Libres'),
(5, 100, 'Mariposa'),
(6, 100, 'Espalda'),
(7, 100, 'Braza'),
(8, 100, 'Libres'),
(9, 100, 'Estilos'),
(10, 200, 'Mariposa'),
(11, 200, 'Espalda'),
(12, 200, 'Braza'),
(13, 200, 'Libres'),
(14, 200, 'Estilos'),
(15, 400, 'Libres'),
(16, 400, 'Estilos'),
(17, 800, 'Libres'),
(18, 1500, 'Libres');

--
-- Restricciones para tablas volcadas
--

--
-- Filtros para la tabla `nadadors`
--
ALTER TABLE `nadadors`
  ADD CONSTRAINT `nadadors_ibfk_1` FOREIGN KEY (`club`) REFERENCES `club` (`id`) ON UPDATE CASCADE;

--
-- Filtros para la tabla `nadador_prova`
--
ALTER TABLE `nadador_prova`
  ADD CONSTRAINT `nadador_prova_ibfk_2` FOREIGN KEY (`proba`) REFERENCES `proves` (`id`),
  ADD CONSTRAINT `nadador_prova_ibfk_7` FOREIGN KEY (`nadador`) REFERENCES `nadadors` (`numfitxfed`) ON UPDATE CASCADE;

--
-- Filtros para la tabla `parcials`
--
ALTER TABLE `parcials`
  ADD CONSTRAINT `parcials_ibfk_1` FOREIGN KEY (`prova_nadada`) REFERENCES `nadador_prova` (`id`) ON DELETE CASCADE ON UPDATE CASCADE;

/*!40101 SET CHARACTER_SET_CLIENT=@OLD_CHARACTER_SET_CLIENT */;
/*!40101 SET CHARACTER_SET_RESULTS=@OLD_CHARACTER_SET_RESULTS */;
/*!40101 SET COLLATION_CONNECTION=@OLD_COLLATION_CONNECTION */;
